{"type": "FeatureCollection", "features": [{"type": "Feature", "properties": {"KML_FOLDER": "Jalan Provinsi_1", "gx:balloonVisibility": ""}, "geometry": {"type": "LineString", "coordinates": [[108.892734, -6.931751], [108.891426, -6.931463], [108.890739, -6.931327], [108.890297, -6.931234], [108.889732, -6.931087], [108.889389, -6.930975], [108.888145, -6.930588], [108.886948, -6.930174], [108.886795, -6.930127], [108.886551, -6.930071], [108.886261, -6.930022], [108.88588, -6.929976], [108.885475, -6.929952], [108.88488, -6.9299], [108.884247, -6.92986], [108.883293, -6.929815], [108.882713, -6.929758], [108.881989, -6.929656], [108.881607, -6.92961], [108.881142, -6.929485], [108.880974, -6.929441], [108.880302, -6.929394], [108.879631, -6.929378], [108.879105, -6.929414], [108.878372, -6.929457], [108.878235, -6.929482], [108.877846, -6.929635], [108.87764, -6.929742], [108.87748, -6.929806], [108.877312, -6.929831], [108.876541, -6.929823], [108.875618, -6.9298], [108.874496, -6.929766], [108.872108, -6.929674], [108.870369, -6.929629], [108.868874, -6.929564], [108.868042, -6.929539], [108.867401, -6.92954], [108.866707, -6.929508], [108.866379, -6.929509], [108.865921, -6.929491], [108.865433, -6.929329], [108.86528, -6.929287], [108.865105, -6.92928], [108.864746, -6.929302], [108.864265, -6.929361], [108.863892, -6.92941], [108.863701, -6.929417], [108.862877, -6.929365], [108.860107, -6.92923], [108.859375, -6.929214], [108.856628, -6.929071], [108.856094, -6.929038], [108.855919, -6.929004], [108.85466, -6.9286], [108.853828, -6.928314], [108.853325, -6.928161], [108.851517, -6.927705], [108.850571, -6.927437], [108.848808, -6.926884], [108.84761, -6.926527], [108.847427, -6.926425], [108.84716, -6.92623], [108.846184, -6.92553], [108.845963, -6.925405], [108.845673, -6.925285], [108.845139, -6.925125], [108.842911, -6.924532], [108.841232, -6.924051], [108.840004, -6.923722], [108.83876, -6.923362], [108.838448, -6.9233], [108.838257, -6.92329], [108.837646, -6.923293], [108.83651, -6.923324], [108.836105, -6.92333], [108.835861, -6.923315], [108.835526, -6.923265], [108.834259, -6.923078], [108.832512, -6.922787], [108.832314, -6.922752], [108.831207, -6.922407], [108.829628, -6.921911], [108.828354, -6.921474], [108.827171, -6.920961], [108.82592, -6.920409], [108.82505, -6.920056], [108.82328, -6.919431], [108.821228, -6.918705], [108.818336, -6.917722], [108.816116, -6.916988], [108.81366, -6.91622], [108.812233, -6.915772], [108.810822, -6.915356], [108.808998, -6.914855], [108.807518, -6.914448], [108.806465, -6.914129], [108.805519, -6.913819], [108.804779, -6.913563], [108.804367, -6.913489], [108.803688, -6.913413], [108.802597, -6.913306], [108.801781, -6.913244], [108.800308, -6.913014], [108.799339, -6.912827], [108.798035, -6.912565], [108.797539, -6.912462], [108.797256, -6.912435], [108.797073, -6.912424], [108.796822, -6.912458], [108.796669, -6.912458], [108.795906, -6.912381], [108.794701, -6.912189], [108.794029, -6.912078], [108.792816, -6.911881], [108.791687, -6.911705], [108.790726, -6.911554], [108.789482, -6.911367], [108.788475, -6.911201], [108.787308, -6.910987], [108.786293, -6.910811], [108.785263, -6.910613], [108.78405, -6.910341], [108.782532, -6.909988], [108.781769, -6.909822], [108.780136, -6.909445], [108.778427, -6.909058], [108.777077, -6.908765], [108.775536, -6.908413], [108.774422, -6.908165], [108.772682, -6.907779], [108.770844, -6.907355], [108.769005, -6.906942], [108.767517, -6.90653], [108.766876, -6.906315], [108.766685, -6.906279], [108.766243, -6.906254], [108.765236, -6.906182], [108.764297, -6.906138], [108.762604, -6.906116], [108.761414, -6.906066], [108.760681, -6.906031], [108.760521, -6.90601], [108.760399, -6.905968], [108.760223, -6.905821], [108.759315, -6.905068], [108.75838, -6.904363]]}}, {"type": "Feature", "properties": {"KML_FOLDER": "Jalan Provinsi_1", "gx:balloonVisibility": ""}, "geometry": {"type": "LineString", "coordinates": [[109.072528, -6.96898], [109.071465, -6.968825], [109.070381, -6.968674], [109.069038, -6.968519], [109.067566, -6.968369], [109.065727, -6.968235], [109.065125, -6.968187], [109.064346, -6.968123], [109.06366, -6.968072], [109.062607, -6.967981], [109.062065, -6.967872], [109.059776, -6.967343], [109.057625, -6.966792], [109.055626, -6.966216], [109.055405, -6.966145], [109.055321, -6.96612], [109.055237, -6.96612], [109.055115, -6.966127], [109.05394, -6.966213], [109.053055, -6.966288], [109.052139, -6.966373], [109.052017, -6.966377], [109.051857, -6.966391], [109.05175, -6.966381], [109.05159, -6.966352], [109.05143, -6.966316], [109.051018, -6.966134], [109.050865, -6.966088], [109.05072, -6.966059], [109.050568, -6.966055], [109.050346, -6.966077], [109.050018, -6.966074], [109.049881, -6.966113], [109.049782, -6.966163], [109.049652, -6.966252], [109.049377, -6.96637], [109.049309, -6.966395], [109.049202, -6.966424], [109.049088, -6.966431], [109.048294, -6.966427], [109.047394, -6.966448], [109.046402, -6.96652], [109.045952, -6.966563], [109.045181, -6.966609], [109.043961, -6.96667], [109.042061, -6.966759], [109.040459, -6.966834], [109.039604, -6.966873], [109.038254, -6.966945], [109.037109, -6.967027], [109.035393, -6.967084], [109.034523, -6.96702], [109.033005, -6.966862], [109.029694, -6.966484], [109.029182, -6.966434], [109.027954, -6.966344], [109.026207, -6.966198], [109.025452, -6.966151], [109.025269, -6.966158], [109.025017, -6.966166], [109.024712, -6.966143], [109.024384, -6.966109], [109.023941, -6.966044], [109.023392, -6.965975], [109.021797, -6.965785], [109.020607, -6.965676], [109.018303, -6.965461], [109.016022, -6.965264], [109.013222, -6.965041], [109.010742, -6.964836], [109.009338, -6.964733], [109.008835, -6.964681], [109.008194, -6.964653], [109.007973, -6.96463], [109.007545, -6.964624], [109.007431, -6.964615], [109.007355, -6.964591], [109.007324, -6.964554], [109.007301, -6.964491], [109.007286, -6.964407], [109.007286, -6.964341], [109.007317, -6.964211], [109.007599, -6.963489], [109.007767, -6.963062], [109.007797, -6.96291], [109.00779, -6.962768], [109.007759, -6.962696], [109.007713, -6.962629], [109.007622, -6.962579], [109.007462, -6.962516], [109.006767, -6.962321], [109.006157, -6.962181], [109.006058, -6.962148], [109.005981, -6.962111], [109.00592, -6.962048], [109.005898, -6.96196], [109.005898, -6.961866], [109.005943, -6.961635], [109.006081, -6.96119], [109.006317, -6.960673], [109.006706, -6.960066], [109.006775, -6.959921], [109.00679, -6.959815], [109.006752, -6.959746], [109.006638, -6.959664], [109.005577, -6.959153], [109.003952, -6.958383], [109.002373, -6.957619], [109.000275, -6.956621], [108.998512, -6.955762], [108.998238, -6.955627], [108.9981, -6.955577], [108.997963, -6.955527], [108.997787, -6.955489], [108.996902, -6.95537], [108.99678, -6.955347], [108.99662, -6.95529], [108.995499, -6.954951], [108.993919, -6.954412], [108.993263, -6.954177], [108.9925, -6.953753], [108.991257, -6.953235], [108.990494, -6.953019], [108.990143, -6.952925], [108.989029, -6.952524], [108.987373, -6.951957], [108.985107, -6.951336], [108.98365, -6.951032], [108.982697, -6.950834], [108.98246, -6.950792], [108.981926, -6.950736], [108.980949, -6.950628], [108.980835, -6.950595], [108.980614, -6.95053], [108.980217, -6.950419], [108.979118, -6.950031], [108.978661, -6.949919], [108.978523, -6.949865], [108.978348, -6.949821], [108.978157, -6.949788], [108.977974, -6.949758], [108.977798, -6.949737], [108.977539, -6.949697], [108.97699, -6.949653], [108.976791, -6.949623], [108.976585, -6.949587], [108.976357, -6.949539], [108.974945, -6.949058], [108.973289, -6.948436], [108.972305, -6.948099], [108.970764, -6.947667], [108.96904, -6.947296], [108.968369, -6.947181], [108.967606, -6.947115], [108.966217, -6.947034], [108.964874, -6.9469], [108.964043, -6.946826], [108.96273, -6.946637], [108.962357, -6.946592], [108.961884, -6.946499], [108.961739, -6.946451], [108.961479, -6.946392], [108.960678, -6.946122], [108.958939, -6.94552], [108.958572, -6.945364], [108.958397, -6.945247], [108.958199, -6.945145], [108.958046, -6.945001], [108.957008, -6.944003], [108.956841, -6.94383], [108.956772, -6.943788], [108.956673, -6.943757], [108.956573, -6.943741], [108.956459, -6.94369], [108.955727, -6.942971], [108.955521, -6.94277], [108.95546, -6.942726], [108.955353, -6.942663], [108.954224, -6.942184], [108.952545, -6.941563], [108.951355, -6.941241], [108.951004, -6.941141], [108.950836, -6.941098], [108.950043, -6.940944], [108.949791, -6.94091], [108.949669, -6.940904], [108.948914, -6.940868], [108.947693, -6.940841], [108.946373, -6.9408], [108.945877, -6.940771], [108.944687, -6.94076], [108.943222, -6.9408], [108.941681, -6.940831], [108.940521, -6.940897], [108.939301, -6.940982], [108.936409, -6.941151], [108.935478, -6.941191], [108.935272, -6.941217], [108.935127, -6.941236], [108.934517, -6.941354], [108.934311, -6.941381], [108.93383, -6.941414], [108.933685, -6.941432], [108.931793, -6.941404], [108.931068, -6.941431], [108.930962, -6.941453], [108.930779, -6.941469], [108.930038, -6.941554], [108.928963, -6.941687], [108.927574, -6.941864], [108.926575, -6.941983], [108.925674, -6.942105], [108.92337, -6.942464], [108.922371, -6.942634], [108.921005, -6.942854], [108.919952, -6.943056], [108.919724, -6.943082], [108.91938, -6.943098], [108.919044, -6.943086], [108.917366, -6.94296], [108.914215, -6.942661], [108.910606, -6.942379], [108.907433, -6.942206], [108.902443, -6.941884], [108.900093, -6.941769], [108.899887, -6.941739], [108.899673, -6.941723], [108.89946, -6.94167], [108.897339, -6.941261], [108.894646, -6.940747], [108.893623, -6.9406], [108.893318, -6.940619]]}}, {"type": "Feature", "properties": {"KML_FOLDER": "Jalan Provinsi_1", "gx:balloonVisibility": ""}, "geometry": {"type": "LineString", "coordinates": [[109.140485, -6.983466], [109.137941, -6.98331], [109.137245, -6.983229], [109.136653, -6.983156], [109.136141, -6.983129], [109.135315, -6.983037], [109.134612, -6.982935], [109.133395, -6.98281], [109.132973, -6.982766], [109.132284, -6.982678], [109.131975, -6.98263], [109.131741, -6.982486], [109.131073, -6.982006], [109.130356, -6.981531], [109.129883, -6.981229], [109.129342, -6.980915], [109.128799, -6.980629], [109.128073, -6.980286], [109.12759, -6.980092], [109.127314, -6.979943], [109.127183, -6.979949], [109.127062, -6.979916], [109.126942, -6.979782], [109.124106, -6.978402], [109.120239, -6.976682], [109.119362, -6.976329], [109.119049, -6.976201], [109.118347, -6.975878], [109.117783, -6.97555], [109.116989, -6.975081], [109.116562, -6.974845], [109.11628, -6.974714], [109.115578, -6.974457], [109.114639, -6.974144], [109.113785, -6.97389], [109.113586, -6.973819], [109.112556, -6.973521], [109.111496, -6.973192], [109.11058, -6.972923], [109.109489, -6.972687], [109.108971, -6.972581], [109.108551, -6.972481], [109.108345, -6.972435], [109.108253, -6.972392], [109.108177, -6.972374], [109.108025, -6.972296], [109.107201, -6.971856], [109.106842, -6.971731], [109.105637, -6.97146], [109.104744, -6.971249], [109.10405, -6.971082], [109.102425, -6.970666], [109.101875, -6.970535], [109.101547, -6.970459], [109.101143, -6.970352], [109.100677, -6.970233], [109.100357, -6.970149], [109.100037, -6.97006], [109.099518, -6.969979], [109.099152, -6.969917], [109.098991, -6.969882], [109.098877, -6.969851], [109.098656, -6.969784], [109.098541, -6.969738], [109.098175, -6.969615], [109.098061, -6.969584], [109.097931, -6.969551], [109.097794, -6.969528], [109.097641, -6.969517], [109.097275, -6.969489], [109.097153, -6.969485], [109.096504, -6.969466], [109.096138, -6.969479], [109.093826, -6.969515], [109.09304, -6.969524], [109.091972, -6.969526], [109.09124, -6.969539], [109.089798, -6.96957], [109.089203, -6.969607], [109.08857, -6.969625], [109.087936, -6.969659], [109.087517, -6.969684], [109.086792, -6.969722], [109.085045, -6.969782], [109.084206, -6.969777], [109.083069, -6.969788], [109.082108, -6.969809], [109.081421, -6.969804], [109.080177, -6.969777], [109.079185, -6.96975], [109.078453, -6.969684], [109.077103, -6.969573], [109.075867, -6.969452], [109.074982, -6.969341], [109.074242, -6.96924], [109.0737, -6.969155], [109.073425, -6.969123], [109.073196, -6.969086], [109.073051, -6.969062], [109.072906, -6.969025], [109.072624, -6.968991], [109.072528, -6.96898]]}}, {"type": "Feature", "properties": {"KML_FOLDER": "Jalan Provinsi_1", "gx:balloonVisibility": ""}, "geometry": {"type": "LineString", "coordinates": [[109.140491, -6.983208], [109.142654, -6.983095], [109.143596, -6.983076], [109.144495, -6.983075], [109.145341, -6.983113], [109.146075, -6.983164], [109.146825, -6.983172], [109.147119, -6.983193], [109.147459, -6.983239], [109.147806, -6.983311], [109.148185, -6.983398], [109.148657, -6.983521], [109.148946, -6.983571], [109.149154, -6.983621], [109.149374, -6.983624], [109.149742, -6.98368], [109.150274, -6.983784], [109.151029, -6.983933], [109.152035, -6.984227], [109.153227, -6.984579], [109.153716, -6.98471], [109.154217, -6.984897], [109.154849, -6.985114], [109.155401, -6.985286], [109.15572, -6.98545], [109.156262, -6.98575], [109.15683, -6.986051], [109.157398, -6.986317], [109.1577, -6.986455], [109.157997, -6.98651], [109.158195, -6.986496], [109.158569, -6.986478], [109.158813, -6.986461], [109.158943, -6.986463], [109.159164, -6.986509], [109.159447, -6.986606], [109.160172, -6.986846], [109.160957, -6.987101], [109.161545, -6.987282], [109.161736, -6.987353], [109.161865, -6.987415], [109.16201, -6.987511], [109.162415, -6.987931], [109.162804, -6.988369], [109.163361, -6.988934], [109.163757, -6.989364], [109.164635, -6.990294], [109.164894, -6.990573], [109.16494, -6.990627], [109.164978, -6.990868], [109.165009, -6.991264], [109.16507, -6.991855], [109.165077, -6.992005], [109.16507, -6.992074], [109.164978, -6.992625], [109.164925, -6.992965], [109.164894, -6.993269], [109.164894, -6.993369], [109.16494, -6.993586], [109.165054, -6.994004], [109.165108, -6.994202], [109.165115, -6.994313], [109.165123, -6.994484], [109.165108, -6.994816], [109.16507, -6.995308], [109.165001, -6.996103], [109.164932, -6.996834], [109.164879, -6.997331], [109.164871, -6.997519], [109.164871, -6.997626], [109.164894, -6.997692], [109.16494, -6.997749], [109.165054, -6.997792], [109.165924, -6.998036], [109.166458, -6.998203], [109.16713, -6.998391], [109.167801, -6.998584], [109.168488, -6.998751], [109.169357, -6.998933], [109.170395, -6.999145], [109.170624, -6.999185], [109.170738, -6.999204], [109.170837, -6.999233], [109.170876, -6.999286], [109.170891, -6.99937], [109.170906, -6.999606], [109.170937, -6.999907], [109.170982, -7.000178], [109.171051, -7.000389], [109.171074, -7.000478], [109.171074, -7.000657], [109.171074, -7.001007], [109.171097, -7.001365], [109.17112, -7.001626], [109.171089, -7.002151], [109.171051, -7.002784], [109.170982, -7.003378], [109.170921, -7.00381], [109.17086, -7.004126], [109.170898, -7.004548], [109.170891, -7.004609], [109.170769, -7.00501], [109.170746, -7.005095], [109.170731, -7.005174], [109.170731, -7.005306], [109.170723, -7.00546], [109.170708, -7.005557], [109.170692, -7.00572], [109.17067, -7.005882], [109.170662, -7.00599], [109.17067, -7.006095], [109.170677, -7.006193], [109.17067, -7.006301], [109.170624, -7.006474], [109.170578, -7.006588], [109.170395, -7.006941], [109.170387, -7.006937], [109.17028, -7.007145], [109.170227, -7.007274], [109.170189, -7.007421], [109.169807, -7.00949], [109.16964, -7.010553], [109.169502, -7.011241], [109.169357, -7.012057], [109.169273, -7.012564], [109.169205, -7.013009], [109.169205, -7.013101], [109.169212, -7.013222], [109.16925, -7.013319], [109.169304, -7.013406], [109.169365, -7.013463], [109.169434, -7.01352], [109.169518, -7.013593], [109.169609, -7.013665], [109.169708, -7.013738], [109.169823, -7.01382], [109.169937, -7.013925], [109.170578, -7.014394], [109.170921, -7.014657], [109.171043, -7.01475], [109.171127, -7.014832], [109.171234, -7.014985], [109.171455, -7.015344], [109.171616, -7.015629], [109.171715, -7.015792], [109.171761, -7.015954], [109.171738, -7.016137], [109.1717, -7.016256], [109.171638, -7.01638], [109.17157, -7.016442], [109.171059, -7.016656], [109.171028, -7.016692], [109.171005, -7.016768], [109.171005, -7.016848], [109.171059, -7.01697], [109.171181, -7.01724], [109.171318, -7.017523], [109.171402, -7.017765], [109.171455, -7.01804], [109.171478, -7.018299], [109.171478, -7.018466], [109.171501, -7.018543], [109.171532, -7.018583], [109.171638, -7.01861], [109.171814, -7.018632], [109.17189, -7.018675], [109.172005, -7.018841], [109.172142, -7.01903], [109.172295, -7.019243], [109.172424, -7.019428], [109.172516, -7.019551], [109.17263, -7.01961], [109.17276, -7.019679], [109.17292, -7.019774], [109.173035, -7.019882], [109.173134, -7.019986], [109.173195, -7.020054], [109.173225, -7.020114], [109.173241, -7.020194], [109.17321, -7.020265], [109.173164, -7.020293], [109.173111, -7.02031], [109.17305, -7.020288], [109.172958, -7.020192], [109.17289, -7.020108], [109.172844, -7.020062], [109.172798, -7.02004], [109.172729, -7.020034], [109.172661, -7.020037], [109.172592, -7.020063], [109.172531, -7.020106], [109.172478, -7.020208], [109.172371, -7.020389], [109.172295, -7.020529], [109.172249, -7.020576], [109.172142, -7.020647], [109.172043, -7.020721], [109.171982, -7.02077], [109.171944, -7.020818], [109.171913, -7.020888], [109.171883, -7.020976], [109.17186, -7.021086], [109.171852, -7.021193], [109.17186, -7.021281], [109.171906, -7.021356], [109.172043, -7.021537], [109.17218, -7.021731], [109.172348, -7.021923], [109.172676, -7.022165], [109.172775, -7.02221], [109.172905, -7.022285], [109.173012, -7.022334], [109.173058, -7.022367], [109.173088, -7.02241], [109.173096, -7.022458], [109.173103, -7.022606], [109.173119, -7.022718], [109.173164, -7.02283], [109.173218, -7.022911], [109.173317, -7.022938], [109.173424, -7.022941], [109.173523, -7.022948], [109.173576, -7.02297], [109.173668, -7.023006], [109.173744, -7.023066], [109.173866, -7.023184], [109.173912, -7.023206], [109.174133, -7.023307], [109.174355, -7.023404], [109.174446, -7.023439], [109.174553, -7.023462], [109.174812, -7.023512], [109.17498, -7.023536], [109.175117, -7.023551], [109.175224, -7.02354], [109.175293, -7.023507], [109.175423, -7.023415], [109.175552, -7.023332], [109.175743, -7.02324], [109.176079, -7.023123], [109.176292, -7.023041], [109.176399, -7.023015], [109.176491, -7.023005], [109.176582, -7.02301], [109.176651, -7.023016], [109.176773, -7.023057], [109.176865, -7.023091], [109.177002, -7.023176], [109.177155, -7.023295], [109.177261, -7.023369], [109.177414, -7.023442], [109.177521, -7.023475], [109.177673, -7.023514], [109.177826, -7.023523], [109.178017, -7.023516], [109.178185, -7.023498], [109.178314, -7.023477], [109.178574, -7.023416], [109.178856, -7.023334], [109.179077, -7.023268], [109.179222, -7.023257], [109.179382, -7.023247], [109.17955, -7.023273], [109.179649, -7.023308], [109.179794, -7.023388], [109.180191, -7.023553], [109.18026, -7.023616], [109.180313, -7.023698], [109.180359, -7.023788], [109.180412, -7.023879], [109.180458, -7.02397], [109.180519, -7.02406], [109.180565, -7.02416], [109.180611, -7.024269], [109.180649, -7.024386], [109.180679, -7.024504], [109.180717, -7.024621], [109.180756, -7.024739], [109.180801, -7.024857], [109.180832, -7.024966], [109.18087, -7.025084], [109.180901, -7.025183], [109.180931, -7.025277], [109.180992, -7.025326], [109.181061, -7.025359], [109.181137, -7.025397], [109.181206, -7.025445], [109.181252, -7.025568], [109.181313, -7.025858], [109.181343, -7.025959], [109.181458, -7.026202], [109.18158, -7.026407], [109.181648, -7.026499], [109.181694, -7.026545], [109.181908, -7.026621], [109.182167, -7.026677], [109.18248, -7.026714], [109.182487, -7.026713], [109.182747, -7.026719], [109.182945, -7.026703], [109.183167, -7.026661], [109.183449, -7.026594], [109.184044, -7.026383], [109.184181, -7.026323], [109.184288, -7.026309], [109.184464, -7.026333], [109.184792, -7.026426], [109.184959, -7.026454], [109.185165, -7.026482], [109.185257, -7.026503], [109.185402, -7.026578], [109.185669, -7.02674], [109.185844, -7.02685], [109.186005, -7.026901], [109.186195, -7.026963], [109.18634, -7.027048], [109.18644, -7.027113], [109.186539, -7.027183], [109.186646, -7.02728], [109.186737, -7.027427], [109.186821, -7.027576], [109.186859, -7.027686], [109.186928, -7.027767], [109.187347, -7.027977], [109.187698, -7.028163], [109.1884, -7.028406], [109.188614, -7.02847], [109.188736, -7.028522], [109.18882, -7.028586], [109.188904, -7.028659], [109.18898, -7.02874], [109.189072, -7.028822], [109.189163, -7.028904], [109.189262, -7.028986], [109.189346, -7.029068], [109.189423, -7.029158], [109.189491, -7.02924], [109.189545, -7.02933], [109.189598, -7.029421], [109.189644, -7.029502], [109.189697, -7.029575], [109.189751, -7.029656], [109.189873, -7.029775], [109.190048, -7.02983], [109.190147, -7.029848], [109.190247, -7.029867], [109.190414, -7.029894], [109.190544, -7.02984], [109.190605, -7.029687], [109.190628, -7.029597], [109.190651, -7.029497], [109.190727, -7.029353], [109.190887, -7.029299], [109.190979, -7.029309], [109.191086, -7.029346], [109.1912, -7.029373], [109.191307, -7.029418], [109.191414, -7.029464], [109.191521, -7.029537], [109.19162, -7.02961], [109.191719, -7.029682], [109.191818, -7.029755], [109.19191, -7.029828], [109.191994, -7.029882], [109.192123, -7.029982], [109.192268, -7.030082], [109.192352, -7.030137], [109.19249, -7.030228], [109.192604, -7.030301], [109.192696, -7.030355], [109.192787, -7.030419], [109.192841, -7.030482], [109.192924, -7.030546], [109.193024, -7.03061], [109.193176, -7.030683], [109.193344, -7.030746], [109.193436, -7.030783], [109.193535, -7.030819], [109.193642, -7.030856], [109.193756, -7.030893], [109.193871, -7.030929], [109.193985, -7.030975], [109.194107, -7.031021], [109.194229, -7.031057], [109.194366, -7.031103], [109.194504, -7.031149], [109.194626, -7.031194], [109.194756, -7.03124], [109.194855, -7.031295], [109.194946, -7.031349], [109.195, -7.031413], [109.195045, -7.031495], [109.195068, -7.031585], [109.195068, -7.031793], [109.195061, -7.03191], [109.195061, -7.032028], [109.195068, -7.032146], [109.195076, -7.032272], [109.195099, -7.032381], [109.195129, -7.03248], [109.195183, -7.032571], [109.195259, -7.032652], [109.19532, -7.032734], [109.195389, -7.032834], [109.19545, -7.032925], [109.195503, -7.033033], [109.195541, -7.033142], [109.19558, -7.03325], [109.195618, -7.033359], [109.195656, -7.033459], [109.195686, -7.033558], [109.195717, -7.03364], [109.195824, -7.033758], [109.195984, -7.033803], [109.196083, -7.033822], [109.196182, -7.033841], [109.196297, -7.03385], [109.196411, -7.03386], [109.196518, -7.033869], [109.196625, -7.033887], [109.196747, -7.033906], [109.196861, -7.033934], [109.196983, -7.033961], [109.197098, -7.033989], [109.197205, -7.034016], [109.197304, -7.034044], [109.197403, -7.034081], [109.197495, -7.034135], [109.197571, -7.034181], [109.197693, -7.034289], [109.197754, -7.034362], [109.19783, -7.034444], [109.197914, -7.034534], [109.197983, -7.034625], [109.198067, -7.034716], [109.198143, -7.034807], [109.198219, -7.034906], [109.19828, -7.035015], [109.198326, -7.035133], [109.198372, -7.035251], [109.198425, -7.035377], [109.198479, -7.035495], [109.198547, -7.035613], [109.198631, -7.035713], [109.198723, -7.035812], [109.198807, -7.035903], [109.198921, -7.035985], [109.199028, -7.036067], [109.19915, -7.036149], [109.19928, -7.036222], [109.199409, -7.036285], [109.199532, -7.036358], [109.199669, -7.036422], [109.199806, -7.036486], [109.199951, -7.03655], [109.200104, -7.036613], [109.200256, -7.036677], [109.200417, -7.036732], [109.200584, -7.036778], [109.200737, -7.036833], [109.20089, -7.036879], [109.201035, -7.036924], [109.201172, -7.036979], [109.201286, -7.037043], [109.201393, -7.037125], [109.201492, -7.037206], [109.201591, -7.037306], [109.201691, -7.037406], [109.20179, -7.037515], [109.201881, -7.037624], [109.201981, -7.037733], [109.20208, -7.037859], [109.202171, -7.037996], [109.202248, -7.038141], [109.202332, -7.038295], [109.202423, -7.03844], [109.202499, -7.038576], [109.202583, -7.038684], [109.202652, -7.038784], [109.202766, -7.038922], [109.203499, -7.039223], [109.203804, -7.03936], [109.203964, -7.039386], [109.204124, -7.039314], [109.204208, -7.03926], [109.2043, -7.039197], [109.204384, -7.039125], [109.20446, -7.039063], [109.204536, -7.038999], [109.204597, -7.038918], [109.204651, -7.038846], [109.204697, -7.038711], [109.20472, -7.038575], [109.20472, -7.038421], [109.20472, -7.038259], [109.204727, -7.038087], [109.20475, -7.037906], [109.204758, -7.037816], [109.204788, -7.037716], [109.204834, -7.037617], [109.20488, -7.037527], [109.204926, -7.037436], [109.204956, -7.037346], [109.204987, -7.037247], [109.205002, -7.037148], [109.205017, -7.037048], [109.205025, -7.036958], [109.205032, -7.036859], [109.205055, -7.036768], [109.205078, -7.036678], [109.205124, -7.036596], [109.205177, -7.036515], [109.205246, -7.036452], [109.205315, -7.036389], [109.205391, -7.036335], [109.205467, -7.03629], [109.205635, -7.036237], [109.205826, -7.036238], [109.206024, -7.036238], [109.206116, -7.03623], [109.206276, -7.036158], [109.206367, -7.036095], [109.206467, -7.036032], [109.206566, -7.035978], [109.20668, -7.035933], [109.206818, -7.035907], [109.20694, -7.035871], [109.207047, -7.035835], [109.207146, -7.035772], [109.207253, -7.035718], [109.207367, -7.035665], [109.207481, -7.03562], [109.207596, -7.035575], [109.207726, -7.035522], [109.207848, -7.035486], [109.207954, -7.03545], [109.208031, -7.035414], [109.208168, -7.035306], [109.208229, -7.035126], [109.208244, -7.035026], [109.208275, -7.034927], [109.208336, -7.034864], [109.208481, -7.034792], [109.208641, -7.03482], [109.208832, -7.03483], [109.208931, -7.034812], [109.209015, -7.034776], [109.209129, -7.034523], [109.20916, -7.034324], [109.209198, -7.034243], [109.209328, -7.034135], [109.209534, -7.034091], [109.209625, -7.034064], [109.209724, -7.034019], [109.209816, -7.033965], [109.209908, -7.033884], [109.210007, -7.033785], [109.210098, -7.033686], [109.210197, -7.033587], [109.210289, -7.033497], [109.210358, -7.033425], [109.210495, -7.033317], [109.210648, -7.033254], [109.210739, -7.033246], [109.210838, -7.033237], [109.211037, -7.033237], [109.211136, -7.033238], [109.211235, -7.033247], [109.211327, -7.033247], [109.211426, -7.033248], [109.211525, -7.033239], [109.211617, -7.033249], [109.211716, -7.033258], [109.211823, -7.033286], [109.211922, -7.033331], [109.212013, -7.033377], [109.212112, -7.033441], [109.212204, -7.033504], [109.212296, -7.033586], [109.212379, -7.033668], [109.212448, -7.033749], [109.21254, -7.03384], [109.212616, -7.03394], [109.212708, -7.03403], [109.212791, -7.03413], [109.212875, -7.034259], [109.212997, -7.034461], [109.213112, -7.034617], [109.213234, -7.03477], [109.213333, -7.034864], [109.213577, -7.035039], [109.213737, -7.035161], [109.213882, -7.035227], [109.21405, -7.035295], [109.214195, -7.035362], [109.214294, -7.035408], [109.214447, -7.035523], [109.214508, -7.035583], [109.214569, -7.035647], [109.214645, -7.035783], [109.21476, -7.035865], [109.214874, -7.035883], [109.215065, -7.035839], [109.215157, -7.035839], [109.215256, -7.035858], [109.215355, -7.035912], [109.215424, -7.035994], [109.215469, -7.036094], [109.2155, -7.036211], [109.215546, -7.03632], [109.215599, -7.036428], [109.215668, -7.036528], [109.215752, -7.03661], [109.215843, -7.036664], [109.215942, -7.036692], [109.216049, -7.036711], [109.216156, -7.036729], [109.216263, -7.036738], [109.216377, -7.036748], [109.216476, -7.036757], [109.216576, -7.036758], [109.216675, -7.03674], [109.216766, -7.036704], [109.21685, -7.03665], [109.216957, -7.036587], [109.217056, -7.036524], [109.217171, -7.03648], [109.217285, -7.036444], [109.217415, -7.036417], [109.217537, -7.036409], [109.217651, -7.0364], [109.217789, -7.036419], [109.217911, -7.036428], [109.218033, -7.036447], [109.218132, -7.036456], [109.218224, -7.036448], [109.218384, -7.036421], [109.218559, -7.03644], [109.218666, -7.036477], [109.218773, -7.036522], [109.218887, -7.036559], [109.219017, -7.036595], [109.219131, -7.036632], [109.219254, -7.036677], [109.21936, -7.036732], [109.219467, -7.036787], [109.219574, -7.036841], [109.219688, -7.036896], [109.219803, -7.036924], [109.21991, -7.03696], [109.220009, -7.036979], [109.220108, -7.036988], [109.220207, -7.036989], [109.220306, -7.036971], [109.220406, -7.036962], [109.22052, -7.036953], [109.220619, -7.036945], [109.220726, -7.036945], [109.220825, -7.036946], [109.220917, -7.036955], [109.221085, -7.036992], [109.221176, -7.037028], [109.221268, -7.037065], [109.221359, -7.037093], [109.221519, -7.037138], [109.221611, -7.037157], [109.221703, -7.037175], [109.221794, -7.037185], [109.221901, -7.037212], [109.222015, -7.03724], [109.222137, -7.037285], [109.222252, -7.03734], [109.222359, -7.037413], [109.222473, -7.037477], [109.22258, -7.03754], [109.222679, -7.037613], [109.222763, -7.037713], [109.222847, -7.037821], [109.222931, -7.03793], [109.223022, -7.038048], [109.223114, -7.038175], [109.223198, -7.038302], [109.223282, -7.038429], [109.223373, -7.038556], [109.223465, -7.038683], [109.223549, -7.03881], [109.22364, -7.038937], [109.223724, -7.039054], [109.223793, -7.039145], [109.223846, -7.039236], [109.223892, -7.039326], [109.22393, -7.039417], [109.223946, -7.039526], [109.223976, -7.039634], [109.223991, -7.039742], [109.22403, -7.039851], [109.224083, -7.03996], [109.224152, -7.040069], [109.224243, -7.040169], [109.224342, -7.040259], [109.224434, -7.040359], [109.224525, -7.040459], [109.224586, -7.040568], [109.224655, -7.040686], [109.224731, -7.040803], [109.224823, -7.040894], [109.22493, -7.040976], [109.225044, -7.041058], [109.225151, -7.04114], [109.22525, -7.041221], [109.225342, -7.041321], [109.225418, -7.04143], [109.225479, -7.041548], [109.22554, -7.041683], [109.225601, -7.04181], [109.22567, -7.041946], [109.225731, -7.042082], [109.2258, -7.042209], [109.225861, -7.042326], [109.225929, -7.042444], [109.225998, -7.042571], [109.226059, -7.042689], [109.226135, -7.042798], [109.226196, -7.042916], [109.226257, -7.043034], [109.226326, -7.043142], [109.226387, -7.043251], [109.226448, -7.043333], [109.22654, -7.043468], [109.226608, -7.043559], [109.226662, -7.043632], [109.22673, -7.043731], [109.226791, -7.043858], [109.22686, -7.044012], [109.226929, -7.044175], [109.226997, -7.04432], [109.227058, -7.044447], [109.227135, -7.044556], [109.227219, -7.044655], [109.227303, -7.044755], [109.227394, -7.044846], [109.227478, -7.044928], [109.227562, -7.04501], [109.227684, -7.045073], [109.227814, -7.04511], [109.227989, -7.045146], [109.228142, -7.045192], [109.228264, -7.045283], [109.228348, -7.045392], [109.228439, -7.045501], [109.228516, -7.045592], [109.228577, -7.045728], [109.228592, -7.045881], [109.228493, -7.046008], [109.22834, -7.046097], [109.228249, -7.046233], [109.228249, -7.046413], [109.228256, -7.046504], [109.228271, -7.046604], [109.228279, -7.046703], [109.228294, -7.046803], [109.228279, -7.046911], [109.228264, -7.047019], [109.228256, -7.047137], [109.228241, -7.047255], [109.228226, -7.047372], [109.228218, -7.047507], [109.228195, -7.047634], [109.22818, -7.04777], [109.228172, -7.047905], [109.228149, -7.048049], [109.228142, -7.048185], [109.228134, -7.048321], [109.228134, -7.048457], [109.228127, -7.048583], [109.228119, -7.048691], [109.228119, -7.0488], [109.228119, -7.0489], [109.228127, -7.048999], [109.228134, -7.049098], [109.228149, -7.049207], [109.228142, -7.049325], [109.228157, -7.049451], [109.228165, -7.049587], [109.228165, -7.049731], [109.228172, -7.049876], [109.22818, -7.050021], [109.228188, -7.050175], [109.228195, -7.050328], [109.228203, -7.050482], [109.22821, -7.050636], [109.228218, -7.050789], [109.228218, -7.050943], [109.228226, -7.051097], [109.228241, -7.051242], [109.228249, -7.051395], [109.228249, -7.051549], [109.228249, -7.051774], [109.228271, -7.052373], [109.228271, -7.052463], [109.228279, -7.052507], [109.22831, -7.052574], [109.228355, -7.052642], [109.228401, -7.052703], [109.228447, -7.052767], [109.228493, -7.052817], [109.228584, -7.052895], [109.228905, -7.053174], [109.229355, -7.053544], [109.229729, -7.053845], [109.229866, -7.053955], [109.23011, -7.054086], [109.230194, -7.054128], [109.230537, -7.054249], [109.230904, -7.054379], [109.231049, -7.054413], [109.231491, -7.054454], [109.231606, -7.054468], [109.231705, -7.054482], [109.231773, -7.054508], [109.231834, -7.054547], [109.231888, -7.054593], [109.231956, -7.054668], [109.232033, -7.054764], [109.232117, -7.054864], [109.232193, -7.054964], [109.232269, -7.055064], [109.232338, -7.055175], [109.232353, -7.05524], [109.232346, -7.055323], [109.232292, -7.055922], [109.232231, -7.056261], [109.232185, -7.056538], [109.23214, -7.056764], [109.232132, -7.056835], [109.232147, -7.057016], [109.232185, -7.057446], [109.232231, -7.057875], [109.232246, -7.05802], [109.232292, -7.058166], [109.232384, -7.058373], [109.232445, -7.058482], [109.232521, -7.058591], [109.23259, -7.0587], [109.232651, -7.058808], [109.232719, -7.058917], [109.232773, -7.059017], [109.232834, -7.059125], [109.232887, -7.059225], [109.232941, -7.059325], [109.233002, -7.059433], [109.233063, -7.059533], [109.233124, -7.059633], [109.233177, -7.059723], [109.233231, -7.059814], [109.233276, -7.059914], [109.23333, -7.060013], [109.233391, -7.060122], [109.233444, -7.060231], [109.233505, -7.060339], [109.233566, -7.060439], [109.233627, -7.060539], [109.233688, -7.060629], [109.233749, -7.06072], [109.23381, -7.060802], [109.233887, -7.060874], [109.233932, -7.060915], [109.234016, -7.06095], [109.234291, -7.061055], [109.234734, -7.061183], [109.235397, -7.061358], [109.235611, -7.061421], [109.235695, -7.061441], [109.235855, -7.061462], [109.236282, -7.061471], [109.236694, -7.061472], [109.236992, -7.061455], [109.238068, -7.061325], [109.238426, -7.061274], [109.238663, -7.061216], [109.238853, -7.061165], [109.239777, -7.060716], [109.239906, -7.060662], [109.240051, -7.060627], [109.240158, -7.060622], [109.241119, -7.060819], [109.241844, -7.060987], [109.242378, -7.061129], [109.242699, -7.061224], [109.243294, -7.06138], [109.24395, -7.06154], [109.245026, -7.061778], [109.245743, -7.061933], [109.246025, -7.062014], [109.24617, -7.062068], [109.246262, -7.062119], [109.246353, -7.062182], [109.246422, -7.062253], [109.246475, -7.062348], [109.246483, -7.062449], [109.246483, -7.062551], [109.246452, -7.062636], [109.246346, -7.06276], [109.246239, -7.062878], [109.246147, -7.062994], [109.246094, -7.063107], [109.246086, -7.063107], [109.245773, -7.063767], [109.245743, -7.063876], [109.245773, -7.063984], [109.245872, -7.064031], [109.245979, -7.064003], [109.246109, -7.063941], [109.246201, -7.063888], [109.24633, -7.063857], [109.246468, -7.063858], [109.246605, -7.063863], [109.246704, -7.063883], [109.246788, -7.063924], [109.246834, -7.063963], [109.24688, -7.064035], [109.246956, -7.064168], [109.247017, -7.06426], [109.247055, -7.064316], [109.247093, -7.064352], [109.247147, -7.064366], [109.2472, -7.064376], [109.247261, -7.064383], [109.247322, -7.064376], [109.247383, -7.064352], [109.247459, -7.064302], [109.247528, -7.064252], [109.247589, -7.064201], [109.247696, -7.064018], [109.247818, -7.063792], [109.247864, -7.063722], [109.247971, -7.06361], [109.248085, -7.063541], [109.248169, -7.063496], [109.248245, -7.063451], [109.248383, -7.063344], [109.248528, -7.063253], [109.24868, -7.063209], [109.248863, -7.063219], [109.249023, -7.063246], [109.249191, -7.063292], [109.24939, -7.063338], [109.249496, -7.063356], [109.249603, -7.063402], [109.249695, -7.063457], [109.249771, -7.063529], [109.249809, -7.06362], [109.249855, -7.063702], [109.25, -7.063819], [109.250114, -7.063838], [109.250229, -7.063838], [109.250336, -7.063839], [109.250443, -7.063821], [109.250526, -7.063786], [109.250618, -7.063641], [109.250572, -7.063442], [109.250519, -7.063351], [109.250481, -7.063216], [109.250488, -7.063146], [109.250542, -7.063086], [109.250626, -7.063074], [109.25071, -7.063084], [109.25074, -7.063139], [109.250793, -7.06328], [109.250809, -7.063406], [109.250816, -7.063524], [109.250824, -7.063651], [109.250816, -7.063787], [109.250816, -7.063922], [109.250801, -7.064049], [109.250771, -7.064166], [109.250725, -7.064265], [109.250679, -7.064355], [109.250633, -7.064509], [109.250694, -7.064609], [109.250816, -7.064663], [109.250916, -7.064773], [109.250969, -7.064935], [109.250984, -7.065035], [109.250992, -7.065153], [109.250999, -7.065261], [109.251038, -7.065361], [109.251076, -7.065451], [109.251137, -7.065524], [109.251221, -7.065578], [109.251335, -7.065633], [109.251465, -7.06567], [109.251587, -7.065706], [109.251709, -7.065734], [109.251831, -7.065753], [109.251961, -7.065762], [109.252075, -7.065744], [109.252174, -7.065726], [109.252266, -7.065672], [109.25235, -7.065609], [109.252434, -7.065565], [109.252563, -7.065547], [109.25264, -7.065611], [109.252655, -7.06571], [109.252617, -7.065828], [109.25251, -7.065954], [109.252365, -7.066089], [109.252289, -7.06617], [109.252213, -7.066251], [109.252113, -7.066332], [109.251991, -7.066413], [109.251884, -7.066512], [109.251778, -7.066638], [109.251686, -7.066773], [109.251602, -7.066927], [109.251541, -7.06708], [109.25148, -7.067225], [109.251434, -7.06736], [109.251411, -7.067469], [109.251381, -7.067568], [109.251337, -7.067703]]}}, {"type": "Feature", "properties": {"KML_FOLDER": "Jalan Provinsi_1", "gx:balloonVisibility": ""}, "geometry": {"type": "LineString", "coordinates": [[108.859378, -6.929214], [108.859318, -6.930019], [108.859231, -6.930365], [108.859226, -6.930453], [108.85917, -6.930817], [108.859133, -6.931296], [108.859136, -6.931309], [108.859112, -6.932042], [108.85911, -6.932057], [108.859107, -6.932295], [108.859096, -6.933174], [108.859098, -6.933211], [108.859094, -6.933298], [108.859093, -6.933419], [108.859086, -6.933935], [108.859081, -6.934196], [108.859075, -6.934469], [108.859053, -6.9354], [108.859048, -6.935888], [108.859046, -6.936068], [108.859037, -6.936261], [108.859033, -6.936749], [108.859033, -6.936768], [108.85903, -6.937447], [108.85903, -6.937495], [108.859029, -6.93783], [108.859029, -6.937965], [108.859026, -6.938543], [108.859048, -6.939089], [108.85905, -6.939146], [108.859056, -6.939598], [108.859058, -6.939777], [108.859045, -6.939981], [108.859008, -6.940571], [108.858992, -6.940652], [108.858884, -6.94106], [108.858844, -6.941176], [108.858684, -6.941636], [108.858492, -6.942187], [108.858448, -6.942314], [108.85838, -6.942528], [108.858337, -6.942726], [108.858307, -6.942848], [108.858268, -6.943104], [108.858241, -6.943277], [108.858227, -6.943371], [108.858144, -6.943806], [108.858043, -6.944556], [108.857981, -6.945014], [108.857883, -6.94562], [108.857824, -6.945985], [108.857696, -6.946886], [108.857688, -6.946942], [108.857605, -6.947508], [108.857563, -6.947726], [108.857407, -6.948758], [108.857346, -6.949156], [108.857093, -6.950788], [108.857069, -6.950937], [108.857018, -6.951249], [108.856939, -6.951718], [108.856802, -6.952653], [108.856725, -6.95319], [108.856652, -6.953691], [108.856564, -6.9542], [108.856484, -6.954712], [108.856375, -6.955463], [108.856235, -6.956423], [108.855964, -6.95826], [108.855934, -6.958451], [108.85568, -6.960041], [108.855422, -6.961841], [108.855211, -6.963249], [108.855192, -6.963346], [108.855173, -6.9635], [108.854831, -6.965344], [108.854749, -6.965856], [108.854663, -6.966392], [108.854553, -6.967048], [108.854503, -6.967323], [108.854463, -6.967571], [108.854419, -6.967838], [108.854352, -6.968234], [108.85428, -6.968632], [108.854224, -6.969015], [108.854194, -6.969181], [108.854181, -6.969259], [108.854084, -6.96988], [108.853959, -6.970591], [108.853896, -6.970983], [108.853843, -6.971382], [108.853836, -6.971435], [108.853818, -6.971575], [108.853809, -6.971671], [108.853798, -6.971779], [108.853781, -6.971988], [108.853774, -6.972218], [108.853769, -6.972372], [108.853771, -6.972495], [108.853776, -6.972623], [108.853795, -6.973063], [108.853801, -6.973159], [108.853809, -6.973286], [108.853813, -6.973424], [108.85382, -6.973728], [108.853822, -6.97402], [108.853824, -6.974317], [108.853813, -6.974681], [108.853804, -6.97503], [108.853804, -6.975048], [108.853801, -6.975111], [108.853797, -6.975201], [108.853783, -6.975458], [108.853761, -6.975861], [108.853741, -6.97619], [108.853725, -6.976451], [108.85369, -6.977044], [108.853663, -6.977475], [108.853659, -6.977552], [108.853645, -6.977857], [108.85364, -6.977931], [108.85364, -6.977997], [108.853644, -6.978074], [108.853675, -6.97845], [108.853692, -6.978721], [108.853721, -6.97902], [108.853892, -6.980913], [108.853893, -6.980957], [108.853896, -6.980972], [108.853902, -6.981049], [108.853905, -6.981098], [108.853966, -6.981994], [108.854013, -6.982941], [108.854037, -6.98329], [108.854062, -6.983646], [108.854068, -6.983731], [108.854089, -6.984124], [108.854135, -6.984755], [108.854184, -6.985433], [108.854206, -6.985764], [108.854208, -6.985788], [108.854212, -6.985874], [108.854223, -6.986102], [108.854231, -6.986259], [108.854234, -6.986324], [108.854257, -6.986625], [108.854265, -6.986768], [108.854278, -6.987249], [108.854284, -6.987474], [108.85428, -6.987596], [108.854265, -6.987718], [108.854213, -6.987819], [108.854188, -6.987945], [108.854128, -6.988179], [108.854092, -6.988258], [108.854055, -6.988382], [108.853934, -6.988574], [108.853851, -6.988734], [108.853421, -6.98925], [108.853233, -6.989473], [108.853105, -6.989623], [108.852795, -6.989949], [108.852582, -6.990147], [108.852568, -6.990158], [108.852365, -6.99032], [108.852011, -6.990541], [108.850968, -6.990942], [108.850135, -6.991269], [108.849982, -6.991356], [108.849852, -6.991456], [108.849208, -6.992133], [108.848988, -6.992368], [108.848794, -6.992602], [108.848694, -6.992734], [108.848595, -6.992852], [108.848475, -6.993], [108.848391, -6.993094], [108.8483, -6.993176], [108.848217, -6.993238], [108.847975, -6.99339], [108.847385, -6.993696], [108.847328, -6.993728], [108.847223, -6.993799], [108.847073, -6.99395], [108.846914, -6.994111], [108.846595, -6.994516], [108.84645, -6.994684], [108.846389, -6.994793], [108.846344, -6.994901], [108.8463, -6.995045], [108.846186, -6.995451], [108.846096, -6.995731], [108.846062, -6.995838], [108.845956, -6.996349], [108.845913, -6.99648], [108.845859, -6.996583], [108.845737, -6.996772], [108.845639, -6.996943], [108.845606, -6.99702], [108.845591, -6.99709], [108.845548, -6.997347], [108.845533, -6.997442], [108.84551, -6.997502], [108.845466, -6.997587], [108.845361, -6.997833], [108.845323, -6.99793], [108.84525, -6.998197], [108.845227, -6.998295], [108.845217, -6.998427], [108.845219, -6.998661], [108.845217, -6.99874], [108.8452, -6.998813], [108.845159, -6.998892], [108.845074, -6.998971], [108.84502, -6.999014], [108.844932, -6.999055], [108.844814, -6.999106], [108.844323, -6.999311], [108.843846, -6.999481], [108.843482, -6.99964], [108.843308, -6.999725], [108.843163, -6.999778], [108.843012, -6.999817], [108.842899, -6.999849], [108.842828, -6.999872], [108.84275, -6.999908], [108.842671, -6.999962], [108.842535, -7.000071], [108.842382, -7.000204], [108.842177, -7.000387], [108.84181, -7.00076], [108.841632, -7.000963], [108.84142, -7.001228], [108.841249, -7.001418], [108.841158, -7.0015], [108.841049, -7.001573], [108.840702, -7.00175], [108.840466, -7.001888], [108.839984, -7.002246], [108.839842, -7.002376], [108.839688, -7.002535], [108.839588, -7.002662], [108.839469, -7.002828], [108.839192, -7.003319], [108.838864, -7.003912], [108.838241, -7.005185], [108.83793, -7.005715], [108.837854, -7.005821], [108.837788, -7.005899], [108.837323, -7.006344], [108.83665, -7.006996], [108.836308, -7.007329], [108.836254, -7.007393], [108.836216, -7.007446], [108.836175, -7.007521], [108.836065, -7.007739], [108.836029, -7.00782], [108.835995, -7.007942], [108.835987, -7.007986], [108.835964, -7.008103], [108.835936, -7.008204], [108.835889, -7.008313], [108.835829, -7.008416], [108.835785, -7.008471], [108.835697, -7.008573], [108.835372, -7.008921], [108.835287, -7.009014], [108.83522, -7.009114], [108.835162, -7.009238], [108.835133, -7.009319], [108.835051, -7.009681], [108.83494, -7.010079], [108.834873, -7.010256], [108.834859, -7.010286], [108.834836, -7.010336], [108.834767, -7.010467], [108.834239, -7.011276], [108.834186, -7.011378], [108.83346, -7.01276], [108.83335, -7.012994], [108.833177, -7.013359], [108.832448, -7.01481], [108.832248, -7.015206], [108.832091, -7.01552], [108.83208, -7.015541], [108.832066, -7.015562], [108.831733, -7.016154], [108.83169, -7.016229], [108.830738, -7.017856], [108.830564, -7.018154], [108.830491, -7.018277], [108.830232, -7.018711], [108.830192, -7.018775], [108.829712, -7.019539], [108.829258, -7.020234], [108.828799, -7.020949], [108.828615, -7.021242], [108.828545, -7.021354], [108.828431, -7.021536], [108.828055, -7.022118], [108.827923, -7.022313], [108.827814, -7.022509], [108.827695, -7.022806], [108.827643, -7.022971], [108.827504, -7.023415], [108.827495, -7.023443], [108.827477, -7.023508], [108.827358, -7.023924], [108.8273, -7.024126], [108.827286, -7.024168], [108.82721, -7.024388], [108.827109, -7.02464], [108.827034, -7.024808], [108.826888, -7.025137], [108.826848, -7.025234], [108.826681, -7.025634], [108.826591, -7.025847], [108.826433, -7.026268], [108.826353, -7.026438], [108.826267, -7.026683], [108.826227, -7.026819], [108.826186, -7.026954], [108.826164, -7.027062], [108.826168, -7.027122], [108.826185, -7.027186], [108.826223, -7.027262], [108.826291, -7.027342], [108.826329, -7.027383], [108.82644, -7.027502], [108.826544, -7.027608], [108.826962, -7.028033], [108.827215, -7.028325], [108.82731, -7.028439], [108.827458, -7.028617], [108.82765, -7.028838], [108.827735, -7.028936], [108.827813, -7.029046], [108.827873, -7.029135], [108.827898, -7.029172], [108.827918, -7.029244], [108.827924, -7.029317], [108.827927, -7.029457], [108.827919, -7.029594], [108.827909, -7.02963], [108.827894, -7.02968], [108.827882, -7.029722], [108.827808, -7.029871], [108.827715, -7.030016], [108.827537, -7.030237], [108.827342, -7.030448], [108.827306, -7.030503], [108.827287, -7.030564], [108.827256, -7.030666], [108.827248, -7.030692], [108.827226, -7.030773], [108.827214, -7.03082], [108.827188, -7.030882], [108.827144, -7.030949], [108.827029, -7.031082], [108.827012, -7.031101], [108.826915, -7.031204], [108.826853, -7.031256], [108.826769, -7.031341], [108.826699, -7.031455], [108.82654, -7.031706], [108.826445, -7.031857], [108.826314, -7.032058], [108.826202, -7.032241], [108.826134, -7.032369], [108.826051, -7.032465], [108.825946, -7.032555], [108.825671, -7.03278], [108.825441, -7.032952], [108.825218, -7.033152], [108.825171, -7.033205], [108.825155, -7.033257], [108.825156, -7.033298], [108.825167, -7.033343], [108.825186, -7.033394], [108.82523, -7.033531], [108.825256, -7.033596], [108.825286, -7.033676], [108.825298, -7.033729], [108.825303, -7.033772], [108.825312, -7.033816], [108.825325, -7.033844], [108.825356, -7.033892], [108.82541, -7.033958], [108.825453, -7.034013], [108.825468, -7.034046], [108.825475, -7.034085], [108.825482, -7.034129], [108.825505, -7.034183], [108.825537, -7.03425], [108.825556, -7.034297], [108.825571, -7.034352], [108.82559, -7.034449], [108.825612, -7.034508], [108.82564, -7.034559], [108.825672, -7.034602], [108.825728, -7.03465], [108.825803, -7.034704], [108.825864, -7.034738], [108.825893, -7.034764], [108.825924, -7.034805], [108.825962, -7.034879], [108.825994, -7.034931], [108.826034, -7.034983], [108.826068, -7.035007], [108.826116, -7.035032], [108.826205, -7.03507], [108.826299, -7.0351], [108.82638, -7.03513], [108.826458, -7.035156], [108.826506, -7.035185], [108.826551, -7.035227], [108.826587, -7.035284], [108.826623, -7.035346], [108.826654, -7.035382], [108.826691, -7.035412], [108.826784, -7.035456], [108.826844, -7.035495], [108.826895, -7.035538], [108.826942, -7.035627], [108.826986, -7.035716], [108.827018, -7.03578], [108.827031, -7.035822], [108.827035, -7.035903], [108.827031, -7.035952], [108.827022, -7.035979], [108.827004, -7.036017], [108.826956, -7.036093], [108.826902, -7.036169], [108.826886, -7.03622], [108.826882, -7.036278], [108.826882, -7.036435], [108.826876, -7.036479], [108.826856, -7.036539], [108.826824, -7.036636], [108.826813, -7.036735], [108.826817, -7.036805], [108.82683, -7.036847], [108.826856, -7.036894], [108.826894, -7.036927], [108.826948, -7.036954], [108.827041, -7.037], [108.827094, -7.037031], [108.827132, -7.037061], [108.827188, -7.037108], [108.827245, -7.037167], [108.827294, -7.037212], [108.827387, -7.03729], [108.827452, -7.037351], [108.827497, -7.0374], [108.827515, -7.037445], [108.827532, -7.037501], [108.827547, -7.037562], [108.827569, -7.037605], [108.827609, -7.037658], [108.82765, -7.037692], [108.827723, -7.03774], [108.82778, -7.03778], [108.827835, -7.037828], [108.827905, -7.037898], [108.828011, -7.038044], [108.828092, -7.038152], [108.82823, -7.038311], [108.828413, -7.038488], [108.828503, -7.038564], [108.828589, -7.038637], [108.828623, -7.038672], [108.828651, -7.03871], [108.828687, -7.038761], [108.828723, -7.038829], [108.828759, -7.038926], [108.828785, -7.038998], [108.828793, -7.039033], [108.828803, -7.039127], [108.828822, -7.039209], [108.828836, -7.039249], [108.828862, -7.03928], [108.8289, -7.039309], [108.828946, -7.039327], [108.829026, -7.039346], [108.829072, -7.039361], [108.829108, -7.039382], [108.829148, -7.039419], [108.829204, -7.039488], [108.829245, -7.039527], [108.829318, -7.039575], [108.829401, -7.039613], [108.829523, -7.03967], [108.829632, -7.03972], [108.829718, -7.039773], [108.829787, -7.039801], [108.829892, -7.039837], [108.829944, -7.039861], [108.829983, -7.039891], [108.830041, -7.039945], [108.830141, -7.040068], [108.830247, -7.040223], [108.830328, -7.040387], [108.830436, -7.040659], [108.830489, -7.040816], [108.830553, -7.040961], [108.830616, -7.041071], [108.830734, -7.041263], [108.830796, -7.041375], [108.830844, -7.041512], [108.830913, -7.04175], [108.830983, -7.041973], [108.831, -7.04203], [108.831033, -7.042107], [108.831057, -7.042153], [108.831126, -7.042209], [108.831262, -7.042293], [108.831367, -7.042369], [108.83143, -7.042428], [108.831485, -7.042499], [108.831531, -7.042607], [108.831595, -7.042789], [108.831704, -7.043253], [108.831734, -7.043414], [108.831737, -7.043524], [108.83172, -7.043817], [108.831714, -7.043991], [108.831708, -7.044087], [108.831688, -7.044231], [108.831679, -7.044291], [108.831679, -7.044336], [108.831684, -7.044382], [108.831705, -7.044442], [108.831865, -7.044636], [108.832017, -7.044814], [108.83211, -7.044919], [108.832164, -7.044958], [108.832205, -7.044988], [108.832365, -7.045055], [108.83254, -7.045181], [108.832654, -7.045269], [108.832711, -7.045326], [108.832758, -7.045386], [108.832815, -7.045493], [108.832835, -7.045544], [108.832842, -7.045584], [108.832842, -7.045734], [108.83285, -7.045779], [108.832884, -7.045895], [108.832909, -7.045973], [108.832921, -7.04603], [108.832923, -7.04607], [108.832922, -7.04612], [108.832913, -7.04617], [108.832895, -7.046207], [108.832863, -7.046242], [108.83281, -7.046273], [108.832738, -7.046303], [108.832631, -7.046366], [108.832565, -7.046422], [108.83253, -7.046476], [108.832519, -7.046526], [108.832523, -7.046569], [108.832534, -7.046602], [108.832554, -7.046631], [108.832595, -7.046663], [108.832642, -7.046682], [108.83269, -7.046696], [108.832897, -7.046736], [108.833027, -7.046768], [108.833117, -7.046801], [108.833194, -7.046835], [108.833293, -7.046898], [108.833344, -7.046925], [108.833396, -7.046946], [108.833462, -7.046961], [108.833496, -7.046965], [108.833549, -7.046962], [108.833625, -7.046961], [108.833682, -7.046962], [108.83372, -7.046972], [108.833779, -7.047002], [108.833825, -7.047041], [108.83389, -7.047108], [108.833947, -7.047186], [108.833971, -7.047246], [108.833984, -7.047326], [108.833984, -7.047428], [108.83399, -7.047517], [108.834001, -7.047561], [108.834034, -7.047615], [108.834095, -7.047682], [108.834161, -7.047737], [108.834296, -7.047818], [108.834382, -7.047867], [108.834457, -7.047926], [108.834509, -7.047984], [108.834536, -7.048032], [108.834567, -7.048088], [108.834595, -7.048181], [108.834636, -7.048287], [108.8347, -7.048442], [108.834802, -7.048634], [108.834873, -7.048751], [108.834945, -7.048859], [108.834973, -7.048915], [108.834999, -7.048999], [108.835066, -7.049161], [108.835176, -7.049379], [108.835292, -7.049564], [108.83546, -7.049784], [108.835534, -7.049902], [108.835588, -7.050029], [108.835644, -7.050194], [108.835696, -7.050392], [108.835748, -7.050642], [108.835813, -7.050958], [108.83586, -7.051192], [108.835906, -7.051385], [108.835951, -7.051519], [108.835993, -7.051621], [108.836085, -7.051815], [108.836217, -7.052052], [108.836321, -7.052246], [108.836438, -7.052462], [108.836565, -7.052649], [108.836711, -7.052818], [108.836871, -7.053011], [108.837078, -7.053282], [108.83713, -7.053359], [108.837159, -7.05341], [108.837172, -7.053464], [108.837176, -7.053525], [108.83714, -7.053682], [108.837127, -7.053796], [108.837118, -7.053888], [108.837096, -7.053966], [108.83708, -7.054058], [108.837059, -7.054126], [108.837011, -7.054266], [108.836983, -7.054342], [108.836949, -7.054398], [108.836896, -7.054455], [108.836834, -7.054554], [108.836829, -7.054603], [108.836829, -7.054658], [108.836841, -7.054712], [108.836864, -7.054754], [108.836896, -7.054793], [108.836946, -7.054837], [108.836976, -7.054877], [108.836988, -7.054916], [108.836986, -7.054953], [108.836971, -7.054992], [108.836947, -7.055027], [108.836892, -7.055076], [108.836837, -7.055121], [108.836692, -7.055197], [108.836591, -7.055264], [108.836543, -7.055311], [108.836509, -7.055359], [108.836479, -7.055431], [108.836477, -7.055487], [108.836493, -7.055628], [108.836502, -7.055744], [108.836496, -7.055835], [108.83644, -7.055961], [108.836376, -7.056053], [108.836298, -7.056135], [108.836212, -7.056209], [108.836124, -7.056277], [108.836027, -7.056351], [108.83588, -7.056493], [108.835753, -7.05664], [108.835623, -7.056818], [108.83548, -7.057016], [108.835416, -7.057097], [108.835357, -7.057143], [108.835315, -7.057162], [108.835256, -7.057173], [108.835172, -7.057181], [108.835071, -7.057182], [108.834956, -7.05717], [108.834887, -7.057174], [108.834815, -7.057189], [108.834749, -7.057221], [108.834676, -7.057292], [108.834628, -7.05736], [108.834568, -7.057462], [108.834494, -7.057616], [108.834439, -7.057734], [108.834354, -7.057864], [108.834324, -7.057907], [108.834302, -7.057939], [108.834275, -7.057964], [108.834249, -7.057982], [108.834225, -7.057996], [108.834189, -7.058009], [108.834164, -7.058016], [108.834126, -7.05802], [108.834061, -7.058019], [108.833971, -7.058008], [108.833811, -7.058005], [108.833735, -7.058016], [108.833644, -7.05805], [108.833584, -7.058094], [108.833558, -7.05812], [108.833527, -7.058167], [108.833485, -7.058267], [108.833449, -7.058359], [108.833414, -7.058423], [108.833367, -7.058488], [108.833308, -7.058553], [108.833243, -7.058612], [108.833193, -7.058644], [108.833112, -7.058675], [108.832982, -7.058705], [108.832929, -7.058725], [108.832874, -7.058758], [108.8328, -7.058808], [108.832738, -7.058844], [108.832626, -7.058897], [108.832574, -7.058933], [108.832536, -7.058971], [108.83249, -7.059034], [108.832428, -7.05916], [108.832393, -7.059206], [108.83237, -7.059228], [108.832342, -7.059255], [108.832307, -7.059279], [108.832283, -7.059293], [108.832229, -7.059311], [108.832135, -7.059328], [108.831854, -7.059333], [108.831611, -7.059348], [108.831217, -7.059389], [108.830993, -7.059452], [108.83088, -7.059504], [108.830742, -7.05959], [108.830655, -7.059659], [108.830605, -7.059735], [108.830584, -7.05982], [108.830574, -7.059986], [108.830582, -7.060115], [108.830603, -7.060177], [108.830639, -7.060234], [108.830698, -7.060336], [108.830722, -7.060383], [108.83073, -7.060437], [108.830723, -7.060503], [108.830698, -7.060552], [108.830658, -7.06059], [108.830595, -7.060622], [108.830444, -7.060674], [108.830306, -7.060746], [108.830179, -7.060843], [108.83011, -7.060917], [108.830047, -7.060997], [108.829939, -7.061169], [108.829841, -7.061294], [108.829778, -7.061362], [108.8297, -7.061412], [108.829571, -7.061463], [108.829476, -7.061504], [108.82943, -7.061536], [108.829388, -7.061578], [108.829332, -7.061644], [108.82931, -7.06168], [108.8293, -7.06172], [108.829294, -7.061785], [108.829294, -7.061888], [108.829307, -7.062028], [108.829306, -7.062128], [108.829296, -7.062341], [108.829298, -7.062478], [108.829308, -7.062601], [108.829322, -7.062771], [108.82931, -7.062946], [108.829294, -7.063101], [108.829247, -7.063551], [108.829245, -7.063656], [108.829254, -7.063702], [108.829292, -7.063784], [108.829346, -7.063872], [108.829386, -7.063931], [108.829413, -7.063994], [108.82942, -7.064026], [108.829425, -7.064053], [108.829435, -7.064126], [108.829452, -7.064189], [108.829483, -7.064272], [108.829561, -7.064501], [108.829569, -7.064528], [108.829574, -7.064552], [108.829576, -7.064569], [108.829576, -7.06459], [108.829573, -7.064625], [108.829548, -7.064754], [108.829491, -7.065072], [108.829455, -7.065255], [108.829414, -7.065415], [108.829371, -7.065602], [108.829287, -7.065882], [108.829162, -7.066307], [108.829004, -7.066828], [108.828948, -7.066975], [108.82893, -7.067063], [108.828917, -7.067091], [108.828788, -7.067412], [108.82862, -7.067812], [108.828477, -7.068158], [108.828335, -7.068513], [108.828317, -7.068559], [108.828211, -7.068845], [108.828176, -7.068938], [108.828092, -7.069186], [108.828027, -7.069377], [108.827969, -7.06952], [108.827953, -7.069612], [108.82795, -7.069664], [108.827962, -7.069733], [108.827985, -7.069814], [108.827998, -7.069905], [108.827983, -7.070003], [108.827933, -7.070138], [108.827743, -7.070501], [108.827647, -7.070723], [108.827625, -7.070862], [108.82761, -7.071044], [108.8276, -7.071113], [108.827554, -7.071369], [108.827504, -7.071573], [108.827462, -7.071658], [108.827443, -7.071679], [108.82742, -7.071699], [108.827401, -7.071709], [108.827374, -7.071719], [108.827142, -7.071739], [108.827023, -7.071727], [108.826986, -7.071716], [108.826949, -7.071701], [108.826926, -7.071688], [108.826898, -7.071662], [108.826854, -7.071608], [108.826776, -7.071515], [108.826719, -7.071447], [108.826677, -7.071415], [108.826609, -7.071382], [108.826532, -7.071369], [108.826377, -7.071358], [108.826302, -7.071359], [108.82602, -7.071369], [108.825657, -7.071393], [108.825451, -7.071417], [108.825374, -7.071426], [108.825289, -7.071453], [108.825147, -7.071524], [108.825021, -7.071607], [108.82484, -7.071761], [108.824637, -7.071974], [108.824474, -7.072156], [108.824319, -7.072326], [108.824185, -7.07244], [108.82402, -7.072557], [108.8239, -7.072662], [108.823846, -7.072729], [108.823831, -7.072758], [108.823821, -7.072796], [108.823814, -7.072882], [108.82383, -7.073139], [108.823845, -7.073476], [108.823849, -7.073605], [108.823849, -7.073737], [108.823862, -7.073888], [108.823872, -7.074022], [108.823894, -7.074152], [108.823925, -7.074494], [108.823944, -7.074781], [108.823935, -7.074943], [108.823916, -7.074997], [108.823882, -7.075055], [108.823827, -7.075122], [108.823696, -7.075262], [108.823551, -7.075412], [108.823448, -7.075529], [108.823376, -7.075645], [108.82329, -7.075795], [108.823198, -7.075907], [108.823121, -7.075974], [108.823005, -7.076059], [108.822766, -7.076204], [108.822625, -7.07629], [108.8224, -7.076401], [108.822158, -7.076518], [108.821836, -7.076663], [108.821482, -7.076809], [108.821334, -7.076881], [108.821248, -7.076945], [108.821166, -7.077046], [108.820988, -7.077305], [108.820903, -7.0774], [108.820838, -7.077472], [108.820729, -7.077533], [108.820556, -7.077573], [108.820374, -7.077579], [108.820015, -7.077563], [108.819931, -7.077567], [108.819846, -7.077577], [108.819752, -7.077603], [108.819665, -7.077632], [108.819465, -7.077719], [108.819199, -7.077834], [108.819081, -7.077885], [108.818514, -7.078138], [108.818183, -7.07829], [108.817914, -7.078412], [108.817809, -7.078454], [108.817598, -7.078537], [108.817299, -7.078651], [108.817236, -7.078675], [108.817073, -7.078739], [108.816997, -7.078769], [108.816803, -7.07883], [108.816434, -7.078862], [108.816235, -7.078858], [108.816125, -7.07885], [108.815886, -7.078734]]}}, {"type": "Feature", "properties": {"KML_FOLDER": "Jalan Provinsi_1", "gx:balloonVisibility": ""}, "geometry": {"type": "LineString", "coordinates": [[108.81591, -7.078626], [108.815872, -7.078591], [108.815834, -7.078557], [108.815796, -7.078535], [108.815742, -7.078519], [108.815689, -7.07849], [108.81562, -7.078466], [108.815582, -7.078454], [108.815559, -7.078447], [108.815529, -7.078435], [108.815506, -7.078423], [108.815491, -7.078405], [108.815475, -7.078382], [108.815468, -7.078362], [108.815468, -7.078336], [108.815475, -7.078301], [108.815582, -7.078056], [108.815613, -7.078012], [108.815659, -7.077979], [108.815689, -7.077965], [108.815765, -7.077935], [108.816017, -7.077847], [108.816093, -7.077796], [108.816162, -7.077724], [108.816193, -7.077689], [108.816193, -7.077662], [108.816193, -7.077602], [108.816177, -7.077564], [108.816139, -7.077523], [108.816109, -7.077511], [108.816071, -7.077491], [108.816032, -7.077465], [108.816017, -7.077439], [108.81601, -7.077419], [108.816017, -7.077348], [108.816017, -7.077337], [108.81604, -7.077278], [108.816078, -7.077171], [108.816093, -7.077056], [108.816101, -7.076923], [108.816071, -7.076652], [108.816055, -7.076609], [108.816025, -7.076564], [108.815941, -7.076484], [108.815895, -7.076448], [108.815872, -7.076424], [108.815857, -7.076363], [108.815804, -7.076188], [108.815773, -7.076102], [108.81575, -7.076059], [108.815712, -7.076022], [108.815659, -7.07598], [108.815544, -7.075902], [108.815392, -7.075657], [108.815224, -7.07537], [108.815193, -7.075321], [108.815178, -7.075269], [108.815186, -7.075217], [108.815186, -7.075165], [108.815231, -7.075037], [108.815292, -7.074758], [108.815315, -7.074675], [108.815331, -7.074623], [108.815369, -7.074562], [108.815453, -7.074452], [108.815704, -7.07422], [108.815834, -7.074094], [108.81591, -7.074003], [108.815948, -7.073941], [108.815971, -7.073886], [108.815964, -7.073822], [108.815933, -7.073776], [108.815849, -7.073699], [108.81575, -7.073635], [108.815659, -7.073593], [108.815514, -7.073559], [108.815399, -7.073541], [108.815308, -7.073525], [108.815201, -7.073537], [108.815086, -7.073541], [108.814995, -7.073525], [108.814949, -7.073507], [108.814888, -7.073476], [108.81485, -7.073436], [108.814819, -7.073381], [108.814819, -7.073308], [108.814842, -7.07325], [108.814896, -7.07317], [108.814934, -7.073106], [108.814926, -7.07305], [108.814888, -7.072886], [108.814789, -7.072628], [108.81472, -7.072521], [108.814651, -7.072408], [108.814629, -7.072365], [108.814621, -7.072309], [108.814651, -7.072001], [108.814674, -7.071838], [108.814674, -7.071688], [108.814659, -7.071621], [108.814636, -7.071428], [108.814606, -7.071048], [108.814606, -7.070911], [108.814606, -7.070804], [108.814621, -7.070715], [108.814651, -7.070577], [108.814705, -7.07043], [108.814758, -7.070323], [108.814781, -7.070259], [108.814812, -7.070099], [108.814835, -7.069827], [108.814865, -7.069526], [108.814865, -7.069452], [108.81488, -7.069413], [108.814926, -7.069293], [108.814995, -7.069091], [108.815018, -7.068963], [108.815033, -7.068889], [108.815041, -7.068767], [108.815018, -7.068672], [108.815018, -7.06858], [108.81498, -7.068512], [108.814896, -7.068335], [108.814766, -7.068167], [108.814743, -7.068124], [108.814682, -7.067944], [108.81459, -7.067595], [108.814529, -7.067488], [108.814461, -7.06742], [108.814384, -7.067369], [108.814285, -7.067319], [108.814194, -7.067246], [108.814087, -7.067157], [108.814034, -7.06709], [108.813881, -7.066802], [108.813828, -7.066661], [108.813751, -7.066429], [108.813667, -7.066106], [108.813637, -7.065965], [108.813606, -7.065769], [108.813606, -7.065662], [108.813599, -7.065619], [108.813576, -7.065582], [108.813469, -7.065561], [108.811996, -7.06546], [108.811882, -7.065454], [108.811981, -7.06472], [108.812065, -7.064205], [108.81218, -7.063406], [108.812263, -7.062586], [108.811882, -7.062546], [108.811371, -7.062494], [108.810852, -7.062439], [108.809326, -7.062408], [108.808701, -7.062399], [108.808617, -7.062408], [108.808563, -7.062415], [108.808517, -7.062433], [108.808472, -7.06246], [108.808434, -7.062488], [108.808365, -7.062503], [108.808304, -7.0625], [108.808243, -7.062476], [108.808121, -7.062399], [108.80764, -7.061885], [108.807571, -7.06179], [108.807503, -7.061753], [108.807426, -7.061753], [108.807327, -7.061775], [108.807228, -7.061845], [108.807121, -7.061912], [108.807022, -7.061949], [108.806625, -7.062023], [108.806488, -7.062035], [108.80632, -7.062038], [108.806107, -7.062035], [108.805847, -7.062032], [108.805702, -7.062035], [108.80558, -7.062044], [108.805496, -7.062026], [108.805443, -7.061998], [108.805367, -7.061952], [108.805107, -7.061735], [108.804726, -7.06134], [108.804359, -7.060914], [108.804153, -7.060712], [108.803986, -7.060547], [108.803772, -7.060354], [108.803551, -7.06018], [108.803284, -7.059978], [108.803116, -7.059861], [108.803017, -7.0598], [108.80294, -7.059782], [108.802872, -7.059791], [108.802788, -7.059812], [108.802719, -7.059855], [108.802605, -7.059916], [108.802574, -7.059944], [108.802536, -7.059953], [108.802467, -7.059947], [108.802399, -7.059932], [108.802338, -7.059898], [108.802269, -7.059858], [108.801857, -7.059601], [108.801582, -7.05942], [108.801529, -7.059384], [108.80143, -7.059332], [108.801239, -7.059253], [108.801102, -7.059216], [108.800995, -7.05921], [108.800888, -7.059219], [108.800804, -7.05924], [108.800751, -7.059277], [108.80072, -7.059323], [108.800682, -7.059384], [108.800659, -7.059461], [108.800636, -7.05955], [108.800621, -7.059623], [108.800591, -7.05966], [108.800552, -7.059678], [108.800476, -7.059697], [108.800392, -7.0597], [108.800285, -7.059681], [108.799812, -7.059629], [108.7995, -7.059587], [108.799385, -7.059583], [108.799301, -7.059611], [108.799133, -7.059669], [108.798988, -7.059738], [108.79892, -7.059799], [108.798882, -7.059842], [108.798828, -7.059927], [108.798767, -7.060031], [108.798622, -7.060221], [108.798515, -7.060353], [108.798439, -7.060426], [108.79834, -7.060524], [108.798134, -7.060674], [108.798004, -7.060757], [108.797867, -7.060833], [108.797707, -7.060904], [108.797592, -7.060968], [108.797523, -7.061002], [108.797455, -7.061048], [108.797379, -7.061094], [108.797302, -7.061115], [108.797188, -7.061131], [108.797066, -7.061143], [108.796951, -7.061137], [108.796822, -7.061119], [108.796692, -7.061091], [108.796577, -7.061051], [108.796478, -7.061049], [108.796402, -7.061049], [108.796249, -7.061076], [108.796112, -7.061103], [108.796043, -7.061125], [108.795944, -7.061192], [108.795906, -7.061232], [108.79583, -7.061275], [108.795753, -7.061317], [108.7957, -7.061336], [108.795647, -7.061354], [108.795555, -7.061373], [108.795456, -7.061376], [108.79538, -7.061373], [108.795296, -7.061367], [108.795227, -7.061342], [108.795151, -7.061306], [108.795029, -7.06125], [108.794937, -7.061204], [108.79483, -7.061152], [108.794769, -7.061134], [108.794685, -7.061128], [108.794624, -7.06114], [108.794571, -7.061159], [108.79451, -7.06118], [108.794456, -7.061226], [108.794395, -7.061297], [108.794212, -7.061502], [108.794167, -7.06156], [108.794113, -7.061597], [108.793861, -7.061714], [108.793777, -7.061738], [108.793678, -7.061712], [108.793602, -7.061686], [108.793579, -7.061669], [108.793503, -7.061661], [108.793411, -7.061663], [108.793343, -7.061678], [108.793251, -7.061713], [108.793106, -7.061795], [108.792839, -7.061965], [108.792786, -7.061992], [108.792725, -7.062015], [108.792648, -7.062022], [108.792587, -7.062015], [108.792465, -7.062001], [108.792336, -7.061973], [108.792229, -7.061947], [108.792137, -7.061921], [108.792061, -7.061909], [108.791992, -7.061915], [108.791931, -7.061943], [108.79158, -7.062223], [108.791267, -7.062469], [108.791214, -7.062521], [108.791145, -7.062608], [108.790947, -7.06284], [108.790886, -7.062886], [108.790848, -7.062899], [108.790764, -7.062904], [108.790436, -7.062906], [108.790344, -7.06291], [108.790283, -7.062919], [108.790237, -7.062955], [108.790207, -7.062996], [108.790039, -7.063398], [108.790024, -7.06343], [108.790001, -7.063457], [108.78997, -7.06347], [108.789818, -7.063498], [108.78978, -7.063513], [108.789734, -7.063532], [108.789703, -7.063552], [108.78968, -7.063568], [108.789543, -7.063776], [108.789406, -7.063983], [108.789207, -7.064113], [108.789192, -7.064125], [108.789001, -7.064307], [108.788971, -7.064331], [108.78891, -7.064363], [108.788666, -7.064405], [108.788612, -7.064415], [108.788315, -7.064432], [108.787941, -7.06441], [108.787895, -7.064394], [108.787453, -7.06431], [108.787392, -7.064305], [108.78714, -7.064291], [108.786964, -7.064259], [108.786728, -7.064185], [108.786766, -7.06411], [108.787148, -7.063417], [108.787384, -7.06272], [108.787666, -7.061934], [108.787811, -7.061335], [108.788094, -7.060876], [108.7883, -7.060472], [108.788429, -7.060044], [108.78846, -7.059601], [108.788521, -7.059396], [108.78862, -7.059217], [108.788857, -7.05883], [108.789024, -7.05851], [108.789146, -7.058252], [108.789223, -7.058065], [108.789505, -7.057334], [108.789558, -7.057207], [108.789612, -7.057097], [108.789665, -7.056983], [108.789711, -7.056922], [108.789787, -7.05685], [108.789871, -7.056751], [108.790009, -7.056626], [108.790077, -7.056538], [108.790146, -7.056474], [108.790199, -7.056367], [108.79023, -7.056162], [108.790268, -7.055911], [108.790283, -7.055618], [108.790306, -7.055443], [108.790329, -7.055359], [108.790405, -7.055245], [108.790428, -7.055154], [108.790489, -7.0549], [108.790512, -7.054733], [108.79055, -7.054581], [108.790604, -7.054444], [108.790649, -7.054357], [108.790718, -7.054257], [108.790779, -7.054146], [108.790817, -7.054067], [108.79084, -7.053991], [108.790833, -7.053884], [108.790817, -7.053852], [108.790771, -7.05382], [108.790688, -7.053832], [108.790459, -7.053875], [108.790329, -7.053899], [108.790199, -7.053951], [108.790009, -7.054055], [108.789787, -7.05421], [108.78952, -7.05442], [108.789452, -7.054472], [108.788948, -7.054779], [108.788704, -7.054937], [108.788414, -7.055105], [108.788086, -7.055228], [108.787918, -7.05528], [108.787766, -7.055315], [108.787636, -7.055331], [108.787491, -7.055336], [108.787331, -7.055319], [108.787231, -7.055295], [108.78714, -7.055256], [108.787033, -7.0552], [108.78688, -7.0551], [108.786743, -7.055021], [108.786606, -7.054981], [108.786453, -7.054969], [108.786331, -7.054973], [108.786186, -7.055013], [108.786057, -7.055077], [108.785957, -7.055129], [108.785919, -7.05516]]}}, {"type": "Feature", "properties": {"KML_FOLDER": "Jalan Provinsi_1", "gx:balloonVisibility": ""}, "geometry": {"type": "LineString", "coordinates": [[108.815886, -7.078734], [108.815785, -7.078828], [108.815644, -7.078943], [108.815365, -7.079123], [108.81487, -7.079474], [108.814732, -7.079568], [108.814635, -7.079652], [108.814558, -7.079748], [108.81453, -7.079803], [108.814515, -7.07983], [108.814482, -7.079937], [108.814474, -7.08005], [108.814456, -7.080154], [108.81428, -7.080531], [108.814162, -7.080765], [108.814033, -7.081084], [108.813983, -7.081201], [108.813931, -7.08135], [108.81384, -7.081531], [108.813781, -7.081619], [108.813728, -7.081699], [108.813563, -7.081937], [108.813196, -7.082495], [108.812857, -7.083044], [108.812716, -7.083256], [108.812638, -7.0834], [108.812558, -7.083578], [108.812482, -7.083749], [108.812266, -7.084147], [108.812176, -7.084297], [108.812061, -7.084489], [108.811922, -7.084715], [108.811784, -7.084923], [108.811554, -7.085196], [108.811255, -7.085604], [108.811196, -7.085684], [108.810776, -7.086267], [108.810532, -7.086597], [108.810407, -7.086802], [108.810281, -7.087057], [108.810214, -7.087229], [108.810206, -7.087249], [108.810014, -7.087736], [108.809897, -7.088127], [108.809771, -7.088548], [108.809702, -7.088817], [108.809636, -7.089061], [108.809529, -7.089344], [108.809409, -7.089599], [108.809336, -7.08977], [108.809264, -7.089962], [108.809223, -7.090078], [108.809184, -7.090219], [108.809178, -7.090337], [108.80916, -7.090435], [108.809114, -7.090592], [108.809067, -7.090694], [108.80898, -7.090883], [108.808808, -7.091244], [108.808763, -7.09134], [108.808663, -7.091511], [108.808444, -7.091957], [108.808232, -7.092351], [108.808071, -7.092679], [108.808038, -7.092769], [108.808029, -7.092869], [108.808025, -7.092905], [108.80802, -7.093043], [108.80803, -7.093155], [108.808028, -7.093235], [108.808025, -7.093315], [108.808006, -7.093408], [108.807966, -7.093504], [108.807937, -7.093582], [108.807867, -7.093709], [108.807611, -7.094075], [108.807558, -7.094156], [108.807462, -7.094232], [108.807085, -7.0944], [108.806874, -7.094513], [108.806658, -7.094636], [108.80652, -7.094771], [108.806393, -7.094892], [108.806232, -7.094998], [108.806072, -7.095177], [108.805966, -7.095314], [108.805851, -7.095403], [108.805673, -7.095527], [108.805486, -7.095641], [108.805238, -7.095814], [108.805018, -7.096048], [108.804955, -7.09613], [108.804934, -7.096156], [108.80492, -7.096175], [108.804903, -7.096198], [108.804699, -7.096562], [108.804609, -7.096712], [108.804577, -7.096745], [108.804527, -7.096772], [108.804487, -7.096794], [108.804216, -7.096847], [108.803935, -7.096904], [108.803844, -7.096949], [108.803788, -7.097], [108.80376, -7.09707], [108.803747, -7.097188], [108.803712, -7.097303], [108.803643, -7.097366], [108.803575, -7.097415], [108.803479, -7.097468], [108.803333, -7.097489], [108.80317, -7.097496], [108.803036, -7.097499], [108.802674, -7.097503], [108.802535, -7.09752], [108.802462, -7.097573], [108.80242, -7.097636], [108.802409, -7.097719], [108.802454, -7.0978], [108.802515, -7.09788], [108.802592, -7.097952], [108.802738, -7.098057], [108.802883, -7.098099], [108.803026, -7.098144], [108.803144, -7.098216], [108.803241, -7.098297], [108.803268, -7.098356], [108.803282, -7.098395], [108.803294, -7.098457], [108.803294, -7.098507], [108.803276, -7.098544], [108.803233, -7.098572], [108.803139, -7.098589], [108.803054, -7.098598], [108.802993, -7.098618], [108.802928, -7.098665], [108.802858, -7.098722], [108.802786, -7.098787], [108.802767, -7.098837], [108.802783, -7.098866], [108.802829, -7.098874], [108.802863, -7.098861], [108.802926, -7.09883], [108.802974, -7.098817], [108.803027, -7.09882], [108.803073, -7.098849], [108.8031, -7.098888], [108.803134, -7.09892], [108.803188, -7.098958], [108.803219, -7.098992], [108.80323, -7.099017], [108.803227, -7.099045], [108.803217, -7.099074], [108.803194, -7.099083], [108.80317, -7.099086], [108.803127, -7.099084], [108.803056, -7.099084], [108.802997, -7.099084], [108.802956, -7.09909], [108.802916, -7.099104], [108.802606, -7.099318], [108.802406, -7.099515], [108.80227, -7.099644], [108.801725, -7.100084], [108.801456, -7.100223], [108.801383, -7.100246], [108.801183, -7.100259], [108.800924, -7.100263], [108.800598, -7.100268], [108.800393, -7.100233], [108.800233, -7.100191], [108.799905, -7.100133], [108.799733, -7.10015], [108.799692, -7.10016], [108.799634, -7.100185], [108.799584, -7.100225], [108.799561, -7.100298], [108.799567, -7.100364], [108.799586, -7.10042], [108.799652, -7.10051], [108.79977, -7.10061], [108.799939, -7.10072], [108.79997, -7.100782], [108.799984, -7.100867], [108.799974, -7.100922], [108.799946, -7.100976], [108.799885, -7.101054], [108.799848, -7.101136], [108.799836, -7.101228], [108.799862, -7.101283], [108.799906, -7.101343], [108.799982, -7.101405], [108.800198, -7.10155], [108.800278, -7.101619], [108.80032, -7.101668], [108.800455, -7.10187], [108.800628, -7.102024], [108.800702, -7.102052], [108.80078, -7.102052], [108.800829, -7.102029], [108.801026, -7.101895], [108.801109, -7.101794], [108.801197, -7.101673], [108.801262, -7.101595], [108.801332, -7.101569], [108.801407, -7.101579], [108.801475, -7.101617], [108.801513, -7.101672], [108.801526, -7.101725], [108.801521, -7.101785], [108.801444, -7.101972], [108.801418, -7.10207], [108.80141, -7.102127], [108.801418, -7.102178], [108.801511, -7.102379], [108.801577, -7.102506], [108.80161, -7.102566], [108.801617, -7.102596], [108.801607, -7.102639], [108.801573, -7.102688], [108.801523, -7.10272], [108.80147, -7.102737], [108.801424, -7.102733], [108.801341, -7.102686], [108.801269, -7.102667], [108.8012, -7.10267], [108.801151, -7.102694], [108.801117, -7.10274], [108.801084, -7.102836], [108.801021, -7.102904], [108.800728, -7.103126], [108.800586, -7.103175], [108.800483, -7.103191], [108.800393, -7.103182], [108.80015, -7.103179], [108.800027, -7.103195], [108.799933, -7.103219], [108.799694, -7.10329], [108.799482, -7.103403], [108.799374, -7.103494], [108.799256, -7.10367], [108.799197, -7.103759], [108.799147, -7.10381], [108.799032, -7.103857], [108.79892, -7.103865], [108.798598, -7.10383], [108.798362, -7.103853], [108.798141, -7.103914], [108.798061, -7.103975], [108.79803, -7.104045], [108.79804, -7.104115], [108.798095, -7.1042], [108.798172, -7.104277], [108.798258, -7.104347], [108.798326, -7.104407], [108.798366, -7.104471], [108.798381, -7.104556], [108.798364, -7.104602], [108.798313, -7.104644], [108.797941, -7.104785], [108.797866, -7.104833], [108.797834, -7.10489], [108.797822, -7.105014], [108.797864, -7.105404], [108.797902, -7.105813], [108.797898, -7.106046], [108.797858, -7.106167], [108.797763, -7.106298], [108.797585, -7.106454], [108.797528, -7.10651], [108.797502, -7.106578], [108.797475, -7.106718], [108.797419, -7.106802], [108.797332, -7.106904], [108.797212, -7.107125], [108.797161, -7.107246], [108.797081, -7.107478], [108.79707, -7.107526], [108.797074, -7.107563], [108.797111, -7.107625], [108.797228, -7.107727], [108.797312, -7.107787], [108.79733, -7.107795], [108.797352, -7.107798], [108.797406, -7.107794], [108.797493, -7.1078], [108.797532, -7.107813], [108.797571, -7.107842], [108.797583, -7.107883], [108.79757, -7.107945], [108.797545, -7.107972], [108.797491, -7.107983], [108.797396, -7.107979], [108.797177, -7.107988], [108.797156, -7.107994], [108.797147, -7.10801], [108.797154, -7.10804], [108.797175, -7.108066], [108.797377, -7.108187], [108.797544, -7.108303], [108.79768, -7.108366], [108.797696, -7.108376], [108.797709, -7.1084], [108.797707, -7.108428], [108.797689, -7.108447], [108.797668, -7.108459], [108.797591, -7.108488], [108.797496, -7.108525], [108.797436, -7.108534], [108.79734, -7.108534], [108.79697, -7.108515], [108.796891, -7.108517], [108.796838, -7.108532], [108.796801, -7.10855], [108.796791, -7.10858], [108.796795, -7.108614], [108.796822, -7.108667], [108.796998, -7.108783], [108.797324, -7.108926], [108.797362, -7.108979], [108.797401, -7.109086], [108.797409, -7.10921], [108.79739, -7.10943], [108.79739, -7.109459], [108.797418, -7.109485], [108.797462, -7.109499], [108.79756, -7.10949], [108.797637, -7.109452], [108.797972, -7.109299], [108.797997, -7.109298], [108.798022, -7.109312], [108.798044, -7.109348], [108.798033, -7.1094], [108.797993, -7.10945], [108.797936, -7.1095], [108.797676, -7.109758], [108.797499, -7.109924], [108.797369, -7.110083], [108.797305, -7.110128], [108.79725, -7.11014], [108.7972, -7.110144], [108.797095, -7.11014], [108.796946, -7.110142], [108.796817, -7.110153], [108.796754, -7.110185], [108.796742, -7.110207], [108.79675, -7.110242], [108.796837, -7.110349], [108.796948, -7.110456], [108.797049, -7.110559], [108.797068, -7.110601], [108.797082, -7.110682], [108.797101, -7.11101], [108.797126, -7.111143], [108.797165, -7.111242], [108.797264, -7.11153], [108.797267, -7.111569], [108.797248, -7.111615], [108.797178, -7.111675], [108.797127, -7.111701], [108.796681, -7.111644], [108.796381, -7.111508], [108.796143, -7.111314], [108.795876, -7.110976], [108.795659, -7.110744], [108.795378, -7.110538], [108.795068, -7.110366], [108.79472, -7.110227], [108.794429, -7.110181], [108.794205, -7.110196], [108.79397, -7.110304], [108.793803, -7.11057], [108.793666, -7.110697], [108.793483, -7.110759], [108.793379, -7.11076], [108.793233, -7.110698], [108.79308, -7.110616], [108.792929, -7.110481], [108.79286, -7.110294], [108.792854, -7.110115], [108.792801, -7.110006], [108.792681, -7.109971], [108.792552, -7.109942], [108.792427, -7.109913], [108.792287, -7.109858], [108.792165, -7.109779], [108.792042, -7.109723], [108.791945, -7.10974], [108.79149, -7.109813], [108.791185, -7.109799], [108.791043, -7.109794], [108.790783, -7.109772], [108.790422, -7.109712], [108.790099, -7.109567], [108.789562, -7.109501], [108.789022, -7.10939], [108.788774, -7.109371], [108.788397, -7.109369], [108.788273, -7.109358], [108.787678, -7.109418], [108.787257, -7.109527], [108.786778, -7.109621], [108.786275, -7.109648], [108.78584, -7.109663], [108.785491, -7.109647], [108.785225, -7.109751], [108.784993, -7.109828], [108.784661, -7.109886], [108.784257, -7.109858], [108.784001, -7.109978], [108.78371, -7.110089], [108.783597, -7.110064], [108.783357, -7.10999], [108.783087, -7.109916], [108.782805, -7.109908], [108.782531, -7.109873], [108.782148, -7.109784], [108.781754, -7.10957], [108.7816, -7.109518], [108.781392, -7.109612], [108.781137, -7.109621], [108.780703, -7.109799], [108.780386, -7.109947], [108.780204, -7.110036], [108.779866, -7.110057], [108.779583, -7.110128], [108.779221, -7.110144], [108.778745, -7.110308], [108.778285, -7.110409], [108.777893, -7.110612], [108.777691, -7.110779], [108.777489, -7.110824], [108.777367, -7.110717], [108.777184, -7.110514], [108.777051, -7.110411], [108.776663, -7.110243], [108.776324, -7.110254], [108.776016, -7.110475], [108.7758, -7.11068], [108.775629, -7.110945], [108.775469, -7.111096], [108.775159, -7.111222], [108.774412, -7.111424], [108.773903, -7.111444], [108.773451, -7.111379], [108.773214, -7.111417], [108.772886, -7.111572], [108.772644, -7.11201], [108.772665, -7.112484], [108.77272, -7.112934], [108.772894, -7.113567], [108.773217, -7.114327], [108.773352, -7.114706], [108.773497, -7.114919], [108.773647, -7.115019], [108.77358, -7.115225], [108.773435, -7.115497], [108.773451, -7.115851], [108.773641, -7.116346], [108.773836, -7.116484], [108.774026, -7.116795], [108.774369, -7.117574], [108.774926, -7.118146], [108.775342, -7.118582], [108.77553, -7.118703], [108.775465, -7.118826], [108.775322, -7.118927], [108.77501, -7.118983], [108.774827, -7.119029], [108.774723, -7.119366], [108.774718, -7.119806], [108.774847, -7.120392], [108.775045, -7.120894], [108.775423, -7.121643], [108.775668, -7.122041], [108.77552, -7.122147], [108.775311, -7.122167], [108.775122, -7.12224], [108.775093, -7.12227], [108.774981, -7.122403], [108.774914, -7.122521], [108.775089, -7.123432], [108.775411, -7.123872], [108.775586, -7.124284], [108.775495, -7.124587], [108.775285, -7.125024], [108.775587, -7.125551], [108.77561, -7.125664], [108.775799, -7.126187], [108.775753, -7.126452], [108.775435, -7.126619], [108.775036, -7.126536], [108.774646, -7.126607], [108.774372, -7.126546], [108.774099, -7.126493], [108.773537, -7.126511], [108.773539, -7.127013], [108.773588, -7.127294], [108.773656, -7.127648], [108.773627, -7.127829], [108.773393, -7.128], [108.773055, -7.128084], [108.772789, -7.128224], [108.772602, -7.12829], [108.772825, -7.128452], [108.77305, -7.128617], [108.773392, -7.129217], [108.773459, -7.129464], [108.773648, -7.129605], [108.773677, -7.129985], [108.773647, -7.130059], [108.773652, -7.130262], [108.773715, -7.130762], [108.773948, -7.131328], [108.774324, -7.13155], [108.774952, -7.131846], [108.775075, -7.131909], [108.775225, -7.13203], [108.775363, -7.132138], [108.77553, -7.132243], [108.775798, -7.132364], [108.775983, -7.1325], [108.776066, -7.13265], [108.776081, -7.132782], [108.77609, -7.132915], [108.776042, -7.133027], [108.776014, -7.133119], [108.775959, -7.133255], [108.775862, -7.133651], [108.775671, -7.134215], [108.775573, -7.134511], [108.775552, -7.134518], [108.775404, -7.134812], [108.775212, -7.13512], [108.775018, -7.135464], [108.7749, -7.135724], [108.774842, -7.135954], [108.774808, -7.136158], [108.774842, -7.136336], [108.77492, -7.136538], [108.774975, -7.136842], [108.775131, -7.136874], [108.775479, -7.136949], [108.775777, -7.13702], [108.776089, -7.137097], [108.776257, -7.137112], [108.776447, -7.137165], [108.776643, -7.137271], [108.776787, -7.137416], [108.776876, -7.137546], [108.776964, -7.137679], [108.777086, -7.137871], [108.777204, -7.137893], [108.777271, -7.1379], [108.777325, -7.137987], [108.777383, -7.138017], [108.777474, -7.138032], [108.777621, -7.138056], [108.777834, -7.138102], [108.778014, -7.138174], [108.778187, -7.138225], [108.778311, -7.13823], [108.77847, -7.138182], [108.778626, -7.138104], [108.77863, -7.138104], [108.778797, -7.138004], [108.779017, -7.13788], [108.779247, -7.137713], [108.779603, -7.137578], [108.779995, -7.137544], [108.780414, -7.137434], [108.780692, -7.137352], [108.780893, -7.137348], [108.781211, -7.137301], [108.781671, -7.137156], [108.782003, -7.137098], [108.782458, -7.136936], [108.782847, -7.136857], [108.783126, -7.136907], [108.783374, -7.137036], [108.783668, -7.137093], [108.784093, -7.137116], [108.78435, -7.137155], [108.784547, -7.137085], [108.78484, -7.137057], [108.785046, -7.137095], [108.785209, -7.137045], [108.785399, -7.136978], [108.785614, -7.136977], [108.785758, -7.136962], [108.785965, -7.137004], [108.786128, -7.137113], [108.786241, -7.137172], [108.786372, -7.1372], [108.786523, -7.137182], [108.78662, -7.13715], [108.78684, -7.137116], [108.787098, -7.137125], [108.787274, -7.137117], [108.787528, -7.137102], [108.787726, -7.137109], [108.787987, -7.137109], [108.788139, -7.137112], [108.788297, -7.137159], [108.788493, -7.13722], [108.788661, -7.137243], [108.788807, -7.137223], [108.788883, -7.137193], [108.788958, -7.137077], [108.789009, -7.13695], [108.789062, -7.136784], [108.789149, -7.136619], [108.789213, -7.136514], [108.789261, -7.136399], [108.789293, -7.136297], [108.789329, -7.136212], [108.78941, -7.136149], [108.789567, -7.136138], [108.789742, -7.136188], [108.789962, -7.136206], [108.790208, -7.136249], [108.790444, -7.136213], [108.790684, -7.136205], [108.790918, -7.136182], [108.791098, -7.136177], [108.791202, -7.136185], [108.791562, -7.136008], [108.791948, -7.135871], [108.792258, -7.135754], [108.792373, -7.13572], [108.792465, -7.135699], [108.79272, -7.135686], [108.79291, -7.135694], [108.793082, -7.135712], [108.793166, -7.135732], [108.793348, -7.135789], [108.793591, -7.135891], [108.793905, -7.136017], [108.794591, -7.136244], [108.794727, -7.136348], [108.794829, -7.136404], [108.794911, -7.136467], [108.794978, -7.136492], [108.795045, -7.136629], [108.795126, -7.136855], [108.795156, -7.136944], [108.795224, -7.137125], [108.79529, -7.137421], [108.795292, -7.137483], [108.795328, -7.137897], [108.795354, -7.138426], [108.795361, -7.13856], [108.795369, -7.138678], [108.795387, -7.138766], [108.795513, -7.139293], [108.795539, -7.139397], [108.795558, -7.139574], [108.795565, -7.13967], [108.795573, -7.139826], [108.795581, -7.139974], [108.795602, -7.140109], [108.795604, -7.140187], [108.795601, -7.140238], [108.79559, -7.140308], [108.795586, -7.140364], [108.7956, -7.140432], [108.795627, -7.140483], [108.795646, -7.140511], [108.79589, -7.140821], [108.795946, -7.1409], [108.796014, -7.140974], [108.796401, -7.141411], [108.79659, -7.141603], [108.79663, -7.141635], [108.796679, -7.141667], [108.796733, -7.141695], [108.796783, -7.141716], [108.79689, -7.141732], [108.797005, -7.141742], [108.79714, -7.141739], [108.797311, -7.141779], [108.797471, -7.141826], [108.797578, -7.141864], [108.797693, -7.141918], [108.797852, -7.142017], [108.797939, -7.142089], [108.798023, -7.14217], [108.798117, -7.142275], [108.798238, -7.142467], [108.798285, -7.142568], [108.798299, -7.142631], [108.798317, -7.142716], [108.798329, -7.142883], [108.798362, -7.143036], [108.798413, -7.143163], [108.798474, -7.143279], [108.798578, -7.143406], [108.798706, -7.143539], [108.798762, -7.143652], [108.7988, -7.143745], [108.798829, -7.1439], [108.79886, -7.144081], [108.798861, -7.144173], [108.798851, -7.144238], [108.79883, -7.144344], [108.798799, -7.144449], [108.798786, -7.144514], [108.798786, -7.144566], [108.7988, -7.144637], [108.798824, -7.144729], [108.798853, -7.144817], [108.798911, -7.144891], [108.799286, -7.145246], [108.799344, -7.145295], [108.799411, -7.145333], [108.799531, -7.145385], [108.799807, -7.145504], [108.80007, -7.145613], [108.800235, -7.145675], [108.800343, -7.145738], [108.800407, -7.14581], [108.800523, -7.145924], [108.800601, -7.146003], [108.800704, -7.146118], [108.800819, -7.14621], [108.800845, -7.146294], [108.800853, -7.146358], [108.800879, -7.146485], [108.800899, -7.146532], [108.801046, -7.146713], [108.801216, -7.146881], [108.801447, -7.147053], [108.801511, -7.147088], [108.801849, -7.147237], [108.802077, -7.147315], [108.802269, -7.147415], [108.802462, -7.147544], [108.802617, -7.147664], [108.802772, -7.14773], [108.802879, -7.147778], [108.803016, -7.147823], [108.803147, -7.14785], [108.803338, -7.147893], [108.803538, -7.147913], [108.804003, -7.147945], [108.804533, -7.147973], [108.804704, -7.147996], [108.805491, -7.14811], [108.805691, -7.148133], [108.805893, -7.148174], [108.806003, -7.148206], [108.806101, -7.148243], [108.806155, -7.148293], [108.806184, -7.148318], [108.806199, -7.148344], [108.806231, -7.148388], [108.80658, -7.148551], [108.806607, -7.148577], [108.806629, -7.148607], [108.806646, -7.148665], [108.806684, -7.14874], [108.806728, -7.148799], [108.806964, -7.149028], [108.807555, -7.149572], [108.80801, -7.149947], [108.808064, -7.149999], [108.80849, -7.150382], [108.808816, -7.150623], [108.809016, -7.150772], [108.808867, -7.151175], [108.80875, -7.151402], [108.808594, -7.151646], [108.808377, -7.151895], [108.808113, -7.152343], [108.807974, -7.152579], [108.807919, -7.152734], [108.807852, -7.152934], [108.807768, -7.153339], [108.807703, -7.15378], [108.807517, -7.154688], [108.807273, -7.155826], [108.807229, -7.15608], [108.806991, -7.157207], [108.806918, -7.157586], [108.80686, -7.1578], [108.80682, -7.15809], [108.806782, -7.158376], [108.806714, -7.158849], [108.806628, -7.159195], [108.806549, -7.159555], [108.806498, -7.16003], [108.806487, -7.160118], [108.806476, -7.160463], [108.80649, -7.160776], [108.806467, -7.16089], [108.80643, -7.16094], [108.806353, -7.160998], [108.806162, -7.161028], [108.805941, -7.161019], [108.805603, -7.160951], [108.80541, -7.16093], [108.805283, -7.160926], [108.805135, -7.160967], [108.805051, -7.161044], [108.805011, -7.161096], [108.804974, -7.161144], [108.804872, -7.161255], [108.804809, -7.16132], [108.804746, -7.161357], [108.804658, -7.161372], [108.804599, -7.161377], [108.80452, -7.161421], [108.804414, -7.161529], [108.804308, -7.161686], [108.804261, -7.161762], [108.804222, -7.161833], [108.804161, -7.161895], [108.804106, -7.161924], [108.803999, -7.161949], [108.803903, -7.161993], [108.803863, -7.16203], [108.803848, -7.162071], [108.803833, -7.162146], [108.803819, -7.162235], [108.803776, -7.162443], [108.80345, -7.163288], [108.80329, -7.163676], [108.803248, -7.163778], [108.802933, -7.164584], [108.802929, -7.164678], [108.802957, -7.164736], [108.803066, -7.164878], [108.803091, -7.165006], [108.803079, -7.165127], [108.803019, -7.165317], [108.802961, -7.16551], [108.802883, -7.165717], [108.80269, -7.166098], [108.802511, -7.166366], [108.802457, -7.166464], [108.802373, -7.166597], [108.802266, -7.166757], [108.802014, -7.167002], [108.801935, -7.167134], [108.801908, -7.167236], [108.801911, -7.167315], [108.801969, -7.167442], [108.802109, -7.167642], [108.802144, -7.167769], [108.802148, -7.167906], [108.802084, -7.168153], [108.801899, -7.16851], [108.801578, -7.169137], [108.801342, -7.169683], [108.801226, -7.170015], [108.801223, -7.170278], [108.801251, -7.170576], [108.801273, -7.170725], [108.801326, -7.17087], [108.801423, -7.171003], [108.801896, -7.171376], [108.80195, -7.171448], [108.802041, -7.171632], [108.802083, -7.171813], [108.802079, -7.171989], [108.802037, -7.172228], [108.802008, -7.172405], [108.801916, -7.172836], [108.801905, -7.172915], [108.801818, -7.17331], [108.801719, -7.173662], [108.801679, -7.173816], [108.801651, -7.173926], [108.801647, -7.174013], [108.801672, -7.174203], [108.801758, -7.174336], [108.801856, -7.174496], [108.801918, -7.174602], [108.801943, -7.174709], [108.801956, -7.174844], [108.801979, -7.174974], [108.802009, -7.175081], [108.802049, -7.175173], [108.802103, -7.175261], [108.80215, -7.175355], [108.802169, -7.175418], [108.802162, -7.175522], [108.802173, -7.175686], [108.802286, -7.175933], [108.802332, -7.176028], [108.80233, -7.176131], [108.802289, -7.176233], [108.80225, -7.176337], [108.802137, -7.17655], [108.801957, -7.176884], [108.80165, -7.177296], [108.801509, -7.177751], [108.80129, -7.17827], [108.801106, -7.178921], [108.801074, -7.179177], [108.801066, -7.179459], [108.801092, -7.179569], [108.801151, -7.179678], [108.801289, -7.179886], [108.801322, -7.17998], [108.801328, -7.1801], [108.801302, -7.180471], [108.801296, -7.180651], [108.802084, -7.180961], [108.802131, -7.180981], [108.802642, -7.181361], [108.802989, -7.181675]]}}, {"type": "Feature", "properties": {"KML_FOLDER": "Jalan Provinsi_1", "gx:balloonVisibility": ""}, "geometry": {"type": "LineString", "coordinates": [[108.802989, -7.181675], [108.802689, -7.182961], [108.802269, -7.183831], [108.802246, -7.183887], [108.801773, -7.184439], [108.801704, -7.184499], [108.801331, -7.184795], [108.801292, -7.18482], [108.800987, -7.185287], [108.800819, -7.185575], [108.800804, -7.18561], [108.80069, -7.185997], [108.800575, -7.186398], [108.80056, -7.186438], [108.800362, -7.186816], [108.800331, -7.186843], [108.800163, -7.18687], [108.799194, -7.186818], [108.799149, -7.186818], [108.799095, -7.187271], [108.799049, -7.187343], [108.798996, -7.18738], [108.798637, -7.187479], [108.798584, -7.187531], [108.798531, -7.187615], [108.798561, -7.18828], [108.798553, -7.188311], [108.798157, -7.188689], [108.798119, -7.188735], [108.79805, -7.189287], [108.797913, -7.190379], [108.797867, -7.190714], [108.797813, -7.19078], [108.797577, -7.191084], [108.797264, -7.191258], [108.796738, -7.191529], [108.796371, -7.191677], [108.796204, -7.191742], [108.795753, -7.192018], [108.795494, -7.192151], [108.795464, -7.192182], [108.795456, -7.192248], [108.795631, -7.192984], [108.795631, -7.193059], [108.795624, -7.193103], [108.795525, -7.19329], [108.795372, -7.193501], [108.795242, -7.193855], [108.795212, -7.193902], [108.794975, -7.194221], [108.794968, -7.194253], [108.794861, -7.194458], [108.794846, -7.194562], [108.794838, -7.194668], [108.79483, -7.194826], [108.794846, -7.194984], [108.794876, -7.195096], [108.794899, -7.195172], [108.794891, -7.195256], [108.794876, -7.19533], [108.794807, -7.195408], [108.794739, -7.195492], [108.794121, -7.195796], [108.794083, -7.195827], [108.79406, -7.19586], [108.794052, -7.195926], [108.794106, -7.196258], [108.794151, -7.196441], [108.794182, -7.196774], [108.794182, -7.196916], [108.794197, -7.19707], [108.794312, -7.197189], [108.794601, -7.197411], [108.794716, -7.197561], [108.794792, -7.197737], [108.794853, -7.197874], [108.794853, -7.198006], [108.794853, -7.198143], [108.794792, -7.198315], [108.794746, -7.198388], [108.794632, -7.198512], [108.794441, -7.198623], [108.793762, -7.199033], [108.793671, -7.199057], [108.793503, -7.199049], [108.793358, -7.199026], [108.793205, -7.199058], [108.793129, -7.19916], [108.793076, -7.199261], [108.79303, -7.199338], [108.792976, -7.199371], [108.792931, -7.199388], [108.792786, -7.199367], [108.792496, -7.199317], [108.792397, -7.199319], [108.792252, -7.199375], [108.792145, -7.19943], [108.791771, -7.199888], [108.791489, -7.200175], [108.791313, -7.200156], [108.791153, -7.20011], [108.791016, -7.200137], [108.790924, -7.200245], [108.790909, -7.200389], [108.790939, -7.200534], [108.791031, -7.200661], [108.791176, -7.20077], [108.79126, -7.200843], [108.791351, -7.200916], [108.79142, -7.200998], [108.791504, -7.20107], [108.79158, -7.201161], [108.791656, -7.201243], [108.791718, -7.201324], [108.791771, -7.201397], [108.79184, -7.20156], [108.79187, -7.201741], [108.791885, -7.201895], [108.791969, -7.201967], [108.792076, -7.202004], [108.792206, -7.202032], [108.79232, -7.20206], [108.792465, -7.202106], [108.79261, -7.202178], [108.792747, -7.202297], [108.792824, -7.20236], [108.7929, -7.202433], [108.792976, -7.202515], [108.79306, -7.202588], [108.793144, -7.202633], [108.793221, -7.20267], [108.793381, -7.202706], [108.793571, -7.202698], [108.793663, -7.202717], [108.793755, -7.202735], [108.793846, -7.202772], [108.793968, -7.20289], [108.794037, -7.203062], [108.794014, -7.203243], [108.793991, -7.203378], [108.794029, -7.203505], [108.794144, -7.203605], [108.79425, -7.203714], [108.79435, -7.203895], [108.794403, -7.203986], [108.794456, -7.204086], [108.79451, -7.204167], [108.794556, -7.204249], [108.794586, -7.20433], [108.794609, -7.204421], [108.794617, -7.204511], [108.794617, -7.204611], [108.794594, -7.204773], [108.794594, -7.204918], [108.794594, -7.205071], [108.794571, -7.205216], [108.794502, -7.20536], [108.794434, -7.205496], [108.794388, -7.20564], [108.794403, -7.205776], [108.79451, -7.205849], [108.794609, -7.205921], [108.794632, -7.206021], [108.794525, -7.206075], [108.794411, -7.206119], [108.794312, -7.206173], [108.794182, -7.206127], [108.794083, -7.206036], [108.793938, -7.205999], [108.793785, -7.206044], [108.79361, -7.206097], [108.793442, -7.206151], [108.793274, -7.206213], [108.793159, -7.206303], [108.793098, -7.206439], [108.79303, -7.206573], [108.792923, -7.206691], [108.792778, -7.206771], [108.792679, -7.206861], [108.792648, -7.206978], [108.792648, -7.207105], [108.792549, -7.207195], [108.792427, -7.207249], [108.792336, -7.207339], [108.792252, -7.207456], [108.792114, -7.207527], [108.791939, -7.207536], [108.791771, -7.207553], [108.791603, -7.207624], [108.791496, -7.207741], [108.791458, -7.207886], [108.791428, -7.208021], [108.791367, -7.208166], [108.791252, -7.208264], [108.791084, -7.208282], [108.790916, -7.208326], [108.790749, -7.208406], [108.79068, -7.20846], [108.790604, -7.208523], [108.79052, -7.208586], [108.790459, -7.20864], [108.790367, -7.208776], [108.790337, -7.20892], [108.790352, -7.209037], [108.790382, -7.209146], [108.790436, -7.209264], [108.790436, -7.209382], [108.790329, -7.209462], [108.790192, -7.209516], [108.790092, -7.209615], [108.790016, -7.209741], [108.78994, -7.209867], [108.789848, -7.209984], [108.789789, -7.21001]]}}, {"type": "Feature", "properties": {"KML_FOLDER": "Jalan Provinsi_1", "gx:balloonVisibility": ""}, "geometry": {"type": "LineString", "coordinates": [[108.789789, -7.21001], [108.789726, -7.210038], [108.789589, -7.210073], [108.789429, -7.210118], [108.789284, -7.210207], [108.789131, -7.210306], [108.788994, -7.210414], [108.788887, -7.21054], [108.788772, -7.210666], [108.788672, -7.210802], [108.788581, -7.210937], [108.788497, -7.211063], [108.788444, -7.21119], [108.788405, -7.211334], [108.78836, -7.211478], [108.788299, -7.211614], [108.788207, -7.211731], [108.788093, -7.211803], [108.787963, -7.211829], [108.787833, -7.211846], [108.78771, -7.211864], [108.787611, -7.2119], [108.787565, -7.211963], [108.787542, -7.212081], [108.78758, -7.212226], [108.787596, -7.212343], [108.787512, -7.21247], [108.787413, -7.212505], [108.787306, -7.212568], [108.787191, -7.21264], [108.787069, -7.212711], [108.786955, -7.212765], [108.786825, -7.212801], [108.78671, -7.212854], [108.786572, -7.212899], [108.786427, -7.212898], [108.786298, -7.212862], [108.786191, -7.212834], [108.786107, -7.212879], [108.786107, -7.212978], [108.786145, -7.213087], [108.786191, -7.213224], [108.786221, -7.213387], [108.786244, -7.213558], [108.786229, -7.213748], [108.786229, -7.213838], [108.786229, -7.21401], [108.786176, -7.214145], [108.786031, -7.214235], [108.785878, -7.214307], [108.785748, -7.214425], [108.785663, -7.214587], [108.785625, -7.214677], [108.785579, -7.214776], [108.785534, -7.214866], [108.785488, -7.214957], [108.785435, -7.215038], [108.785389, -7.215119], [108.785274, -7.215263], [108.785137, -7.215389], [108.785061, -7.215452], [108.784992, -7.215515], [108.784916, -7.215578], [108.784801, -7.215705], [108.784725, -7.215777], [108.784649, -7.215849], [108.784564, -7.215921], [108.784487, -7.215983], [108.784411, -7.216037], [108.784274, -7.216145], [108.784129, -7.216244], [108.784007, -7.216352], [108.783938, -7.21646], [108.783915, -7.216604], [108.783892, -7.216776], [108.783877, -7.216876], [108.783862, -7.216985], [108.783854, -7.217093], [108.783831, -7.217202], [108.783793, -7.21731], [108.783763, -7.217409], [108.783702, -7.217499], [108.783633, -7.217589], [108.783563, -7.21767], [108.783495, -7.217742], [108.783418, -7.217814], [108.783357, -7.217895], [108.783281, -7.217967], [108.78322, -7.21804], [108.783159, -7.218103], [108.78309, -7.218166], [108.783037, -7.218238], [108.782984, -7.218319], [108.782922, -7.2184], [108.782877, -7.218481], [108.782823, -7.218581], [108.782785, -7.21868], [108.782739, -7.218779], [108.782686, -7.218878], [108.782625, -7.218959], [108.782564, -7.21904], [108.78251, -7.219121], [108.782464, -7.219202], [108.782418, -7.219366], [108.782395, -7.219538], [108.782387, -7.2197], [108.78238, -7.219863], [108.782342, -7.220016], [108.782319, -7.22017], [108.782365, -7.22027], [108.782448, -7.220306], [108.782578, -7.220334], [108.782732, -7.220353], [108.782915, -7.220336], [108.782999, -7.220309], [108.783167, -7.22022], [108.783235, -7.220157], [108.783312, -7.220094], [108.783373, -7.220022], [108.783495, -7.219896], [108.783594, -7.21976], [108.783732, -7.219643], [108.783885, -7.219572], [108.784037, -7.219537], [108.784213, -7.219465], [108.784289, -7.21942], [108.784449, -7.21934], [108.784571, -7.219413], [108.784617, -7.219512], [108.784632, -7.219621], [108.784655, -7.219756], [108.784678, -7.219901], [108.784716, -7.220037], [108.78477, -7.220191], [108.784823, -7.220355], [108.784846, -7.220518], [108.784899, -7.220653], [108.784977, -7.220789], [108.785045, -7.220934], [108.78516, -7.221044], [108.78532, -7.221089], [108.785488, -7.22109], [108.785633, -7.221127], [108.785732, -7.221254], [108.785862, -7.221364], [108.786014, -7.221447], [108.78616, -7.221529], [108.78629, -7.22162], [108.786382, -7.221755], [108.786466, -7.221919], [108.786496, -7.222], [108.786595, -7.222154], [108.786725, -7.222263], [108.786862, -7.2223], [108.787, -7.222238], [108.787129, -7.22213], [108.787297, -7.22204], [108.78739, -7.222013], [108.787489, -7.221978], [108.787588, -7.221951], [108.787687, -7.221925], [108.787794, -7.221889], [108.787893, -7.221871], [108.787992, -7.221854], [108.788092, -7.221836], [108.788183, -7.221827], [108.788359, -7.221765], [108.788497, -7.221666], [108.788611, -7.221531], [108.788665, -7.22145], [108.788756, -7.221315], [108.788886, -7.221234], [108.789023, -7.221199], [108.789168, -7.221227], [108.789275, -7.221354], [108.789344, -7.221526], [108.78939, -7.221608], [108.789451, -7.22177], [108.789489, -7.221897], [108.789557, -7.221961], [108.78968, -7.221943], [108.789818, -7.221953], [108.789909, -7.222044], [108.789879, -7.222179], [108.789803, -7.222343], [108.78978, -7.222433], [108.789742, -7.222523], [108.789703, -7.222686], [108.789726, -7.22283], [108.789772, -7.222966], [108.789749, -7.223111], [108.789657, -7.223264], [108.789519, -7.223409], [108.789443, -7.223481], [108.789374, -7.223553], [108.789252, -7.223679], [108.789168, -7.223814], [108.789115, -7.223967], [108.789069, -7.224121], [108.789031, -7.224265], [108.789062, -7.224392], [108.789107, -7.224501], [108.789153, -7.224592], [108.789252, -7.224683], [108.789351, -7.224756], [108.789374, -7.224865], [108.789313, -7.224982], [108.789237, -7.22509], [108.789145, -7.225198], [108.789023, -7.225279], [108.788901, -7.22536], [108.788833, -7.225467], [108.788802, -7.22563], [108.788794, -7.225812], [108.788756, -7.225974], [108.788671, -7.22611], [108.788671, -7.226254], [108.78874, -7.226372], [108.788917, -7.226436], [108.789084, -7.226419], [108.789214, -7.226429], [108.789252, -7.226519], [108.789138, -7.226618], [108.789039, -7.226726], [108.789031, -7.22688], [108.789054, -7.227043], [108.789023, -7.227215], [108.788985, -7.227378], [108.78897, -7.22754], [108.788947, -7.227667], [108.788863, -7.227748], [108.788725, -7.227783], [108.788603, -7.227828], [108.788519, -7.227926], [108.788534, -7.228053], [108.788587, -7.228172], [108.788679, -7.228272], [108.788793, -7.228345], [108.788932, -7.228427], [108.789016, -7.228527], [108.789, -7.228653], [108.789016, -7.228789], [108.789069, -7.228925], [108.78913, -7.229051], [108.789222, -7.229179], [108.789329, -7.229288], [108.789428, -7.229407], [108.789473, -7.229515], [108.789435, -7.229642], [108.789405, -7.229777], [108.789374, -7.229894], [108.789306, -7.230012], [108.789275, -7.230156], [108.789283, -7.230246], [108.789306, -7.230337], [108.789359, -7.230483], [108.789451, -7.230574], [108.789489, -7.230655], [108.789512, -7.230782], [108.789542, -7.230936], [108.789565, -7.231099], [108.789596, -7.231253], [108.789672, -7.231398], [108.789786, -7.231452], [108.789962, -7.231481], [108.790084, -7.231572], [108.790168, -7.231708], [108.790175, -7.231871], [108.790191, -7.232016], [108.790221, -7.23217], [108.790191, -7.232332], [108.790153, -7.232494], [108.790191, -7.232631], [108.790275, -7.232767], [108.790343, -7.23293], [108.790343, -7.233102], [108.790366, -7.233265], [108.790451, -7.233383], [108.790573, -7.233401], [108.790703, -7.233348], [108.790825, -7.233339], [108.790901, -7.23343], [108.790909, -7.233575], [108.790878, -7.233748], [108.790855, -7.233919], [108.790863, -7.234091], [108.790886, -7.234244], [108.790817, -7.234353], [108.790703, -7.234443], [108.790627, -7.234569], [108.790596, -7.234722], [108.790543, -7.234849], [108.79042, -7.234884], [108.790275, -7.234901], [108.790153, -7.234965], [108.790076, -7.235082], [108.790107, -7.235254], [108.79016, -7.235399], [108.790145, -7.235544], [108.790099, -7.23567], [108.790061, -7.235769], [108.790053, -7.235914], [108.790084, -7.236004], [108.79013, -7.236105], [108.79016, -7.236187], [108.79016, -7.23634], [108.790076, -7.236467], [108.789985, -7.236601], [108.78987, -7.236718], [108.789779, -7.236845], [108.789718, -7.236944], [108.789618, -7.23697], [108.789473, -7.236915], [108.789305, -7.236851], [108.789205, -7.236833], [108.789038, -7.236841], [108.788938, -7.236922], [108.788954, -7.237039], [108.788999, -7.237157], [108.788916, -7.237274], [108.788824, -7.237428], [108.788694, -7.237536], [108.788565, -7.237581], [108.78842, -7.237553], [108.788281, -7.23758], [108.788167, -7.237678], [108.78806, -7.237805], [108.787915, -7.237903], [108.78777, -7.237984], [108.787625, -7.238083], [108.787549, -7.238136], [108.787488, -7.238199], [108.787427, -7.238271], [108.787343, -7.238424], [108.787343, -7.238569], [108.787404, -7.238688], [108.787541, -7.238842], [108.78761, -7.238924], [108.787663, -7.239006], [108.78774, -7.239178], [108.787816, -7.239341], [108.787915, -7.239486], [108.787999, -7.239631], [108.788091, -7.23975], [108.788167, -7.23985], [108.788197, -7.239949], [108.788098, -7.240039], [108.787999, -7.240084], [108.78793, -7.240156], [108.787907, -7.240237], [108.787892, -7.240346], [108.787854, -7.240481], [108.787801, -7.240598], [108.787755, -7.24068], [108.78764, -7.240751], [108.787511, -7.240723], [108.787419, -7.240768], [108.787311, -7.240759], [108.787189, -7.240749], [108.787067, -7.240739], [108.78696, -7.240721], [108.786869, -7.240702], [108.78677, -7.240702], [108.786663, -7.240737], [108.786587, -7.240827], [108.786518, -7.240946], [108.786434, -7.241072], [108.78635, -7.241189], [108.78625, -7.241315], [108.786166, -7.24145], [108.786097, -7.241531], [108.786013, -7.241603], [108.785937, -7.241675], [108.785907, -7.241756], [108.785929, -7.241865], [108.785983, -7.242], [108.786021, -7.242146], [108.786021, -7.2423], [108.786006, -7.242463], [108.786006, -7.242626], [108.785998, -7.242788], [108.78599, -7.24296], [108.78599, -7.243122], [108.785975, -7.243267], [108.785907, -7.243367], [108.785792, -7.243457], [108.785723, -7.243583], [108.785647, -7.243709], [108.785571, -7.243835], [108.785495, -7.24398], [108.785464, -7.244152], [108.785449, -7.244242], [108.785426, -7.244413], [108.785403, -7.244595], [108.785365, -7.244758], [108.785295, -7.244902], [108.785188, -7.245001], [108.785074, -7.24509], [108.785005, -7.24519], [108.785051, -7.245298], [108.785143, -7.24538], [108.785166, -7.245498], [108.78512, -7.245651], [108.785097, -7.245806], [108.785021, -7.245932], [108.784929, -7.246022], [108.784891, -7.24613], [108.784967, -7.246239], [108.785036, -7.246348], [108.785021, -7.246465], [108.784929, -7.246583], [108.784837, -7.246727], [108.784754, -7.24689], [108.784685, -7.247052], [108.784639, -7.247215], [108.784624, -7.247377], [108.784609, -7.247531], [108.784532, -7.247675], [108.784425, -7.247774], [108.784295, -7.247855], [108.784196, -7.247954], [108.78418, -7.248108], [108.784188, -7.248289], [108.784196, -7.24838], [108.784203, -7.24847], [108.784264, -7.248633], [108.784371, -7.248724], [108.784509, -7.248797], [108.784616, -7.248906], [108.78467, -7.248988], [108.784715, -7.249078], [108.784761, -7.249179], [108.784815, -7.24927], [108.784876, -7.249342], [108.78496, -7.249406], [108.785051, -7.249451], [108.785143, -7.249488], [108.785234, -7.249516], [108.785333, -7.249552], [108.785494, -7.249607], [108.785631, -7.249698], [108.785731, -7.249843], [108.785769, -7.249925], [108.785807, -7.250006], [108.785891, -7.25016], [108.785945, -7.250315], [108.785968, -7.250451], [108.785968, -7.250578], [108.785968, -7.250723], [108.78596, -7.250876], [108.785937, -7.251021], [108.785922, -7.251165], [108.785884, -7.25131], [108.785868, -7.25141], [108.785838, -7.251509], [108.785823, -7.251627], [108.7858, -7.251744], [108.785791, -7.251861], [108.785791, -7.251979], [108.785799, -7.252105], [108.785806, -7.252223], [108.785814, -7.252331], [108.785846, -7.252431], [108.785907, -7.252595], [108.785952, -7.25274], [108.785983, -7.252894], [108.785983, -7.253057], [108.785899, -7.253174], [108.785745, -7.253227], [108.785577, -7.253244], [108.785402, -7.253253], [108.785257, -7.253288], [108.785112, -7.253341], [108.784998, -7.253432], [108.784914, -7.253567], [108.784876, -7.25372], [108.784837, -7.253893], [108.784807, -7.254073], [108.784791, -7.254164], [108.784775, -7.254254], [108.784753, -7.254353], [108.784737, -7.254443], [108.784714, -7.254534], [108.784691, -7.254624], [108.784646, -7.254795], [108.7846, -7.254968], [108.784562, -7.255122], [108.784585, -7.255276], [108.784646, -7.255447], [108.784676, -7.255538], [108.784691, -7.255628], [108.784722, -7.255719], [108.784768, -7.255801], [108.784852, -7.255946], [108.784905, -7.256009], [108.785028, -7.256101], [108.785181, -7.256147], [108.78531, -7.25622], [108.785387, -7.256302], [108.785463, -7.25642], [108.785524, -7.256574], [108.7856, -7.256728], [108.785722, -7.256864], [108.785776, -7.256936], [108.785837, -7.257009], [108.78589, -7.257081], [108.785997, -7.257219], [108.786096, -7.257364], [108.78615, -7.257509], [108.786204, -7.257672], [108.786235, -7.257843], [108.786203, -7.258024], [108.786173, -7.258123], [108.78615, -7.258214], [108.786119, -7.258314], [108.786096, -7.258404], [108.786066, -7.258494], [108.786035, -7.258585], [108.785989, -7.258747], [108.785944, -7.258901], [108.785898, -7.259072], [108.785837, -7.259226], [108.785753, -7.259388], [108.785677, -7.259551], [108.785631, -7.259714], [108.785639, -7.259885], [108.785669, -7.259967], [108.785715, -7.260058], [108.785753, -7.260148], [108.785791, -7.26023], [108.785829, -7.26032], [108.785875, -7.260411], [108.785928, -7.260492], [108.785997, -7.260565], [108.786142, -7.260694], [108.786287, -7.260812], [108.786441, -7.260894], [108.786608, -7.26094], [108.786738, -7.26104], [108.786868, -7.261158], [108.786967, -7.261312], [108.786982, -7.261484], [108.786921, -7.261646], [108.786868, -7.261728], [108.786799, -7.2618], [108.786738, -7.261872], [108.786677, -7.261954], [108.786608, -7.262026], [108.786555, -7.262098], [108.786525, -7.262188], [108.786509, -7.262287], [108.786509, -7.262386], [108.786509, -7.262495], [108.786525, -7.262595], [108.78654, -7.262694], [108.786593, -7.262857], [108.786624, -7.263012], [108.786647, -7.263166], [108.786723, -7.263338], [108.786784, -7.263483], [108.786784, -7.263591], [108.786685, -7.263654], [108.786539, -7.263707], [108.786401, -7.263824], [108.786325, -7.263887], [108.786257, -7.263959], [108.786173, -7.264013], [108.786104, -7.264067], [108.785982, -7.264203], [108.785944, -7.264356], [108.785906, -7.26451], [108.785852, -7.264645], [108.785883, -7.264781], [108.785951, -7.264935], [108.786043, -7.265089], [108.786096, -7.265253], [108.786112, -7.265416], [108.786188, -7.265561], [108.786302, -7.265688], [108.78644, -7.265815], [108.786508, -7.265888], [108.786585, -7.265961], [108.786653, -7.266033], [108.786722, -7.266106], [108.786799, -7.266178], [108.786868, -7.266251], [108.786937, -7.266333], [108.786998, -7.266425], [108.787066, -7.266515], [108.787143, -7.266588], [108.787204, -7.266661], [108.787265, -7.266806], [108.787249, -7.266968], [108.787211, -7.26714], [108.787188, -7.26723], [108.787165, -7.267411], [108.787173, -7.267511], [108.787181, -7.267592], [108.787234, -7.267765], [108.787249, -7.267855], [108.78728, -7.267946], [108.787295, -7.268054], [108.787303, -7.268163], [108.787326, -7.268271], [108.787318, -7.268371], [108.787333, -7.268479], [108.787326, -7.268578], [108.787326, -7.26867], [108.787326, -7.26876], [108.787318, -7.268851], [108.787318, -7.26895], [108.787318, -7.26905], [108.787326, -7.269149], [108.787333, -7.269248], [108.787333, -7.269348], [108.787341, -7.269456], [108.787364, -7.269565], [108.787379, -7.269664], [108.787402, -7.269773], [108.787432, -7.269874], [108.787455, -7.269964], [108.787493, -7.270055], [108.787524, -7.270227], [108.787493, -7.270407], [108.787455, -7.270497], [108.787417, -7.270597], [108.787371, -7.270705], [108.787318, -7.270804], [108.787257, -7.270912], [108.787188, -7.271012], [108.787127, -7.271121], [108.787065, -7.27122], [108.787004, -7.271319], [108.786936, -7.271418], [108.786859, -7.271508], [108.786783, -7.271607], [108.786714, -7.271715], [108.786661, -7.271833], [108.786623, -7.27195], [108.786585, -7.272067], [108.786569, -7.272185], [108.786539, -7.272303], [108.786516, -7.27242], [108.78647, -7.272528], [108.786409, -7.272627], [108.786356, -7.272727], [108.786302, -7.272835], [108.785988, -7.273267], [108.78592, -7.273349], [108.785844, -7.27344], [108.785775, -7.273521], [108.785699, -7.27361], [108.78563, -7.2737], [108.785561, -7.273791], [108.785493, -7.27389], [108.785424, -7.27398], [108.785371, -7.274079], [108.785317, -7.274178], [108.785256, -7.274268], [108.78521, -7.274377], [108.785165, -7.274485], [108.785126, -7.274612], [108.785088, -7.274739], [108.785042, -7.274865], [108.784996, -7.274991], [108.784942, -7.275117], [108.784889, -7.275225], [108.784843, -7.275334], [108.784797, -7.275424], [108.784713, -7.275559], [108.784645, -7.275658], [108.784576, -7.275794], [108.784484, -7.275948], [108.784431, -7.276029], [108.784332, -7.276164], [108.784225, -7.27629], [108.784118, -7.276425], [108.784057, -7.276497], [108.783989, -7.27656], [108.783919, -7.276632], [108.783858, -7.276713], [108.783782, -7.276803], [108.783721, -7.276893], [108.78366, -7.276984], [108.783614, -7.277065], [108.783614, -7.277183], [108.783743, -7.277229], [108.783881, -7.277302], [108.78398, -7.277447], [108.784042, -7.277619], [108.784065, -7.2777], [108.784095, -7.277791], [108.784111, -7.277881], [108.784111, -7.277981], [108.784103, -7.27808], [108.784095, -7.27818], [108.784095, -7.278289], [108.784095, -7.278397], [108.784103, -7.278506], [108.784111, -7.278614], [108.784118, -7.278723], [108.784126, -7.278831], [108.784134, -7.27894], [108.784149, -7.279057], [108.784164, -7.279166], [108.784172, -7.279276], [108.784187, -7.279375], [108.784187, -7.279484], [108.784195, -7.279583], [108.784195, -7.279673], [108.784155, -7.279854], [108.784117, -7.279944], [108.784079, -7.280025], [108.784033, -7.280106], [108.783743, -7.280567], [108.78366, -7.280693], [108.783606, -7.280838], [108.783568, -7.281], [108.783507, -7.281244], [108.783438, -7.28156], [108.783415, -7.28166], [108.783385, -7.281751], [108.783289, -7.281922], [108.783237, -7.282014], [108.783102, -7.282255], [108.782995, -7.282391], [108.782903, -7.282526], [108.782812, -7.28266], [108.782758, -7.282806], [108.782743, -7.28295], [108.782774, -7.283086], [108.782804, -7.283222], [108.782842, -7.283349], [108.782873, -7.283439], [108.782896, -7.283539], [108.782926, -7.283629], [108.782972, -7.283756], [108.783033, -7.283847], [108.783132, -7.283911], [108.783231, -7.283984], [108.783277, -7.284111], [108.783277, -7.284274], [108.783262, -7.284446], [108.783262, -7.284545], [108.783254, -7.284635], [108.783247, -7.284726], [108.783231, -7.284825], [108.783224, -7.284934], [108.783208, -7.285042], [108.783208, -7.285143], [108.783224, -7.285242], [108.783247, -7.285341], [108.783277, -7.285441], [108.783292, -7.285541], [108.783292, -7.285631], [108.783285, -7.285731], [108.783254, -7.285821], [108.783224, -7.285911], [108.783163, -7.286001], [108.783094, -7.286073], [108.78301, -7.286154], [108.782941, -7.286235], [108.782865, -7.286317], [108.782789, -7.286416], [108.782712, -7.286506], [108.782636, -7.286605], [108.782568, -7.286704], [108.782491, -7.286794], [108.782415, -7.286884], [108.782362, -7.286965], [108.782299, -7.287046], [108.782246, -7.287127], [108.782177, -7.287208], [108.782132, -7.287298], [108.782078, -7.287389], [108.78204, -7.287489], [108.78201, -7.287588], [108.781979, -7.287688], [108.781941, -7.287769], [108.781895, -7.28794], [108.781872, -7.28803], [108.781842, -7.288121], [108.781811, -7.28822], [108.781773, -7.288319], [108.78175, -7.288428], [108.781712, -7.288536], [108.781674, -7.288644], [108.781636, -7.288753], [108.781605, -7.288862], [108.781567, -7.288979], [108.781537, -7.289087], [108.781514, -7.289187], [108.781483, -7.289286], [108.781453, -7.289376], [108.78143, -7.289467], [108.781361, -7.289629], [108.781299, -7.289782], [108.781223, -7.289927], [108.781162, -7.290045], [108.781108, -7.290171], [108.781047, -7.290315], [108.781024, -7.290487], [108.780994, -7.290658], [108.780963, -7.290821], [108.78094, -7.290993], [108.780895, -7.291165], [108.780849, -7.291328], [108.78078, -7.291472], [108.780704, -7.291616], [108.780635, -7.291769], [108.780612, -7.291851], [108.780574, -7.291941], [108.780528, -7.29204], [108.780483, -7.292139], [108.780437, -7.29224], [108.780384, -7.292339], [108.78026, -7.292537], [108.780138, -7.292708], [108.780077, -7.29278], [108.780016, -7.292852], [108.779932, -7.292996], [108.779871, -7.293159], [108.779848, -7.293249], [108.779826, -7.293339], [108.779787, -7.293431], [108.779742, -7.293512], [108.779688, -7.293584], [108.77962, -7.293656], [108.779559, -7.293728], [108.779497, -7.2938], [108.779436, -7.293863], [108.77933, -7.294007], [108.779222, -7.294151], [108.779168, -7.294232], [108.779123, -7.294313], [108.779077, -7.294404], [108.779039, -7.294503], [108.779001, -7.294593], [108.77897, -7.294693], [108.778947, -7.294792], [108.778917, -7.294901], [108.778856, -7.295184], [108.778199, -7.29891]]}}, {"type": "Feature", "properties": {"KML_FOLDER": "Jalan Provinsi_1", "gx:balloonVisibility": ""}, "geometry": {"type": "LineString", "coordinates": [[109.008144, -7.259559], [109.007919, -7.259714], [109.00782, -7.259791], [109.007708, -7.259866], [109.00756, -7.259938], [109.007452, -7.25998], [109.007154, -7.260107], [109.00696, -7.260176], [109.006764, -7.26025], [109.006434, -7.260391], [109.006132, -7.260524], [109.006047, -7.260564], [109.005567, -7.260725], [109.005512, -7.260739], [109.005444, -7.260757], [109.005259, -7.260792], [109.004945, -7.260826], [109.00471, -7.260839], [109.004486, -7.26084], [109.003985, -7.260854], [109.003906, -7.260854], [109.003738, -7.260893], [109.00366, -7.26092], [109.003542, -7.260998], [109.003365, -7.261125], [109.003153, -7.261247], [109.002995, -7.261311], [109.002874, -7.261369], [109.002598, -7.261468], [109.002383, -7.261542], [109.001966, -7.261686], [109.001589, -7.261821], [109.001213, -7.261951], [109.001174, -7.261965], [109.000307, -7.262279], [109.000112, -7.26232], [109.000008, -7.26233], [108.999824, -7.262338], [108.999621, -7.26234], [108.999386, -7.262347], [108.998902, -7.262391], [108.998458, -7.262427], [108.998271, -7.262426], [108.99813, -7.262431], [108.99781, -7.262442], [108.997556, -7.262438], [108.997207, -7.262446], [108.997055, -7.262442], [108.996893, -7.26242], [108.996802, -7.262402], [108.996678, -7.262359], [108.996464, -7.262266], [108.996145, -7.262149], [108.995829, -7.262057], [108.995565, -7.261982], [108.995385, -7.261926], [108.995113, -7.261833], [108.994974, -7.26178], [108.994877, -7.261744], [108.994444, -7.261593], [108.994278, -7.261547], [108.994085, -7.261505], [108.993962, -7.261486], [108.993655, -7.261454], [108.993478, -7.261452], [108.993334, -7.261465], [108.993186, -7.261481], [108.992942, -7.26153], [108.992706, -7.26159], [108.99241, -7.26167], [108.992371, -7.261679], [108.991999, -7.261763], [108.991786, -7.2618], [108.991589, -7.261834], [108.991236, -7.261872], [108.99071, -7.261938], [108.990561, -7.261961], [108.990415, -7.261984], [108.990108, -7.262029], [108.989787, -7.262109], [108.989608, -7.262162], [108.989458, -7.262207], [108.989283, -7.262277], [108.989056, -7.262367], [108.988629, -7.262532], [108.988242, -7.262668], [108.988062, -7.262717], [108.98789, -7.262764], [108.987471, -7.262892], [108.98713, -7.262984], [108.98699, -7.263016], [108.986915, -7.263029], [108.986824, -7.263035], [108.98669, -7.263029], [108.986581, -7.263027], [108.98638, -7.263006], [108.986231, -7.262993], [108.986104, -7.262973], [108.985892, -7.262949], [108.985712, -7.262929], [108.985653, -7.262923], [108.985383, -7.262894], [108.985225, -7.262877], [108.985102, -7.262865], [108.985078, -7.262864], [108.984689, -7.262833], [108.984484, -7.262824], [108.98436, -7.262801], [108.984233, -7.262782], [108.984061, -7.262734], [108.983809, -7.26266], [108.983577, -7.262584], [108.983346, -7.262481], [108.983098, -7.262448], [108.982695, -7.26238], [108.982554, -7.262373], [108.982373, -7.262374], [108.982031, -7.262406], [108.98169, -7.262435], [108.981668, -7.262442], [108.981377, -7.262533], [108.980902, -7.2626], [108.980562, -7.26264], [108.980428, -7.262656], [108.979998, -7.262711], [108.979751, -7.262743], [108.979672, -7.262751], [108.979595, -7.262751], [108.979508, -7.262746], [108.979421, -7.26273], [108.979094, -7.262648], [108.978765, -7.262555], [108.977567, -7.262219], [108.976627, -7.261913], [108.976072, -7.261747], [108.975524, -7.261573], [108.974818, -7.261354], [108.97442, -7.261232], [108.974118, -7.261134], [108.974028, -7.261098], [108.973859, -7.261055], [108.973776, -7.260991], [108.973653, -7.26091], [108.973611, -7.260874], [108.973348, -7.260648], [108.972168, -7.259412], [108.971592, -7.258991], [108.971544, -7.258937], [108.970712, -7.258175], [108.970422, -7.257904], [108.970349, -7.257851], [108.969107, -7.256613], [108.968926, -7.256451], [108.9683, -7.255901], [108.967988, -7.25561], [108.967544, -7.255232], [108.967275, -7.255027], [108.967024, -7.254838], [108.966918, -7.254765], [108.966786, -7.254715], [108.966584, -7.254671], [108.965783, -7.254704], [108.965499, -7.254713], [108.965279, -7.254701], [108.965054, -7.254664], [108.964846, -7.254608], [108.964652, -7.254569], [108.964096, -7.254326], [108.963227, -7.253937], [108.962435, -7.253534], [108.961725, -7.253036], [108.961072, -7.252534], [108.960626, -7.252125], [108.960176, -7.251739], [108.960026, -7.251634], [108.959956, -7.251615], [108.959878, -7.251614], [108.959767, -7.251626], [108.959379, -7.251685], [108.959162, -7.251733], [108.958844, -7.251792], [108.958591, -7.25182], [108.958423, -7.25181], [108.958237, -7.25178], [108.958062, -7.251727], [108.957951, -7.251663], [108.957821, -7.251551], [108.957462, -7.251224], [108.957064, -7.250882], [108.956756, -7.250678], [108.956691, -7.250646], [108.956563, -7.250601], [108.956412, -7.250557], [108.956161, -7.250511], [108.955879, -7.250469], [108.955571, -7.250423], [108.95542, -7.2504], [108.954986, -7.250359], [108.95478, -7.250314], [108.954557, -7.250221], [108.954301, -7.250081], [108.954169, -7.249965], [108.954011, -7.249808], [108.953931, -7.24969], [108.953845, -7.249536], [108.953764, -7.249305], [108.953669, -7.249035], [108.953562, -7.248745], [108.9535, -7.2486], [108.953416, -7.248499], [108.953306, -7.248418], [108.953121, -7.24832], [108.952883, -7.248174], [108.952505, -7.247898], [108.951856, -7.247379], [108.951239, -7.246886], [108.950522, -7.246338], [108.950108, -7.24603], [108.949412, -7.245503], [108.948922, -7.245133], [108.948771, -7.24504], [108.948639, -7.244982], [108.948455, -7.244928], [108.948181, -7.244827], [108.947948, -7.2447], [108.947602, -7.244449], [108.945976, -7.243164], [108.945427, -7.24273], [108.944275, -7.241777], [108.944102, -7.241645], [108.943951, -7.241528], [108.943536, -7.24123], [108.943235, -7.241032], [108.942892, -7.240825], [108.942439, -7.240574], [108.941765, -7.240213], [108.941409, -7.240059], [108.941258, -7.239993], [108.940919, -7.239844], [108.940623, -7.239684], [108.940465, -7.239584], [108.940355, -7.239514], [108.94009, -7.239337], [108.939729, -7.239041], [108.939483, -7.238847], [108.939137, -7.238554], [108.938958, -7.238377], [108.938812, -7.238205], [108.938464, -7.237747], [108.937949, -7.237066], [108.93754, -7.23641], [108.937184, -7.23578], [108.93675, -7.234864], [108.936523, -7.23425], [108.936518, -7.234237], [108.936468, -7.234113], [108.936432, -7.234024], [108.936345, -7.233882], [108.936226, -7.233719], [108.935806, -7.233144], [108.935666, -7.232952], [108.935536, -7.23284], [108.935374, -7.232764], [108.935225, -7.232722], [108.934403, -7.232574], [108.933948, -7.232496], [108.93309, -7.232317], [108.932946, -7.232308], [108.93284, -7.232317], [108.932736, -7.232345], [108.932372, -7.232504], [108.931973, -7.232681], [108.931541, -7.232869], [108.931404, -7.232943], [108.931295, -7.233015], [108.931071, -7.23318], [108.930928, -7.233272], [108.930846, -7.233308], [108.930713, -7.233338], [108.930571, -7.233352], [108.930434, -7.233374], [108.930295, -7.23342], [108.930066, -7.233515], [108.929815, -7.233639], [108.929651, -7.233697], [108.929363, -7.233843], [108.928967, -7.23401], [108.928757, -7.234076], [108.928562, -7.234092], [108.928404, -7.234078], [108.928206, -7.234027], [108.927971, -7.233911], [108.927696, -7.233744], [108.927023, -7.233291], [108.926901, -7.233188], [108.926823, -7.233078], [108.926702, -7.232811], [108.926624, -7.232609], [108.926563, -7.232421], [108.926563, -7.232323], [108.9266, -7.232222], [108.926662, -7.232154], [108.926913, -7.231865], [108.927369, -7.231364], [108.927572, -7.231115], [108.927709, -7.230903], [108.927771, -7.23076], [108.928062, -7.230018], [108.928141, -7.229845], [108.928232, -7.229695], [108.928405, -7.229456], [108.928455, -7.229388], [108.928544, -7.229251], [108.928613, -7.229124], [108.928686, -7.228963], [108.928767, -7.228753], [108.928904, -7.228181], [108.928963, -7.22784], [108.928978, -7.227689], [108.928973, -7.227573], [108.92895, -7.22738], [108.928926, -7.227238], [108.928904, -7.227034], [108.928904, -7.226918], [108.928923, -7.226761], [108.928959, -7.226619], [108.929028, -7.226406], [108.929058, -7.226225], [108.929071, -7.226124], [108.929063, -7.226046], [108.929034, -7.225963], [108.928966, -7.225857], [108.928824, -7.225669], [108.928553, -7.225277], [108.928387, -7.22502], [108.928164, -7.224493], [108.92797, -7.224039], [108.927858, -7.223833], [108.927776, -7.223731], [108.927676, -7.223636], [108.927568, -7.223534], [108.927405, -7.223358], [108.927302, -7.22323], [108.927204, -7.223051], [108.927111, -7.222855], [108.926964, -7.222408], [108.92682, -7.221997], [108.926701, -7.221702], [108.926584, -7.221487], [108.926465, -7.221308], [108.926187, -7.220965], [108.925973, -7.220704], [108.925928, -7.220623], [108.925879, -7.220516], [108.925859, -7.220383], [108.925855, -7.220281], [108.925841, -7.220188], [108.925816, -7.220109], [108.925751, -7.220021], [108.925602, -7.2199], [108.925386, -7.219725], [108.924949, -7.219266], [108.924713, -7.218948], [108.924361, -7.218509], [108.924141, -7.218257], [108.923884, -7.217999], [108.92374, -7.217847], [108.923424, -7.217569], [108.923221, -7.2174], [108.923066, -7.217254], [108.92297, -7.217132], [108.922893, -7.217004], [108.922761, -7.216658], [108.922698, -7.21655], [108.92259, -7.216396], [108.922476, -7.216259], [108.92246, -7.216235], [108.922266, -7.215953], [108.922032, -7.215544], [108.921892, -7.215361], [108.921776, -7.215263], [108.921542, -7.215152], [108.921212, -7.214995], [108.920786, -7.214774], [108.920611, -7.214664], [108.920427, -7.214525], [108.920273, -7.214411], [108.919943, -7.214167], [108.919695, -7.21396], [108.919428, -7.213775], [108.918312, -7.212987], [108.918046, -7.21282], [108.917848, -7.212711], [108.917636, -7.21265], [108.916966, -7.212509], [108.9166, -7.21246], [108.916285, -7.212428], [108.915411, -7.212389], [108.914992, -7.21237], [108.913946, -7.212386], [108.913538, -7.212385], [108.913376, -7.212382], [108.913211, -7.212376], [108.913187, -7.212376], [108.912572, -7.212331], [108.912405, -7.212315], [108.912191, -7.212292], [108.912056, -7.212267], [108.911916, -7.212224], [108.911696, -7.21212], [108.91142, -7.211979], [108.911338, -7.211935], [108.91121, -7.211876], [108.911066, -7.211816], [108.910941, -7.21177], [108.910848, -7.211746], [108.910685, -7.2117], [108.910636, -7.211679], [108.910591, -7.211655], [108.910553, -7.211625], [108.910406, -7.211426], [108.910286, -7.211253], [108.910248, -7.211205], [108.910211, -7.211172], [108.910142, -7.211142], [108.910054, -7.211111], [108.909946, -7.211104], [108.909865, -7.211107], [108.909747, -7.211112], [108.909682, -7.211106], [108.909606, -7.211096], [108.909493, -7.211064], [108.909368, -7.211028], [108.909202, -7.210971], [108.909029, -7.210905], [108.909016, -7.2109], [108.908777, -7.210814], [108.908507, -7.210719], [108.908309, -7.210655], [108.908089, -7.210578], [108.907941, -7.210519], [108.907697, -7.210426], [108.907268, -7.210298], [108.907036, -7.210248], [108.906828, -7.210214], [108.906599, -7.210194], [108.90643, -7.210173], [108.906177, -7.210125], [108.905944, -7.21006], [108.905688, -7.209978], [108.905234, -7.209797], [108.904612, -7.209515], [108.903929, -7.209223], [108.903476, -7.209067], [108.903073, -7.208934], [108.902759, -7.208849], [108.902487, -7.208787], [108.902314, -7.208777], [108.902124, -7.208803], [108.901999, -7.208881], [108.901902, -7.208961], [108.901858, -7.20901], [108.901794, -7.209105], [108.901721, -7.2092], [108.901496, -7.209508], [108.901461, -7.209552], [108.901351, -7.209683], [108.901153, -7.209858], [108.900921, -7.210029], [108.900724, -7.210144], [108.900454, -7.210261], [108.900182, -7.210342], [108.899883, -7.210406], [108.899054, -7.210555], [108.898711, -7.210629], [108.898378, -7.210698], [108.898035, -7.210769], [108.897736, -7.210883], [108.897576, -7.210919], [108.897457, -7.21093], [108.897384, -7.210927], [108.897245, -7.210921], [108.896909, -7.210904], [108.896544, -7.210901], [108.896238, -7.210938], [108.895977, -7.210941], [108.895707, -7.210943], [108.895552, -7.210929], [108.895229, -7.210834], [108.894879, -7.21072], [108.894592, -7.210675], [108.894427, -7.210667], [108.894249, -7.210677], [108.89405, -7.210684], [108.893862, -7.210707], [108.893724, -7.210683], [108.893618, -7.21064], [108.893284, -7.210482], [108.893122, -7.210431], [108.892987, -7.210391], [108.892913, -7.210374], [108.892848, -7.210369], [108.892779, -7.210374], [108.892645, -7.210398], [108.892519, -7.21041], [108.892424, -7.210403], [108.892261, -7.210359], [108.892142, -7.210327], [108.892045, -7.2103], [108.891933, -7.210289], [108.891821, -7.210302], [108.891687, -7.210341], [108.891596, -7.210379], [108.891534, -7.210432], [108.89151, -7.210496], [108.891508, -7.210583], [108.891527, -7.210678], [108.891562, -7.210868], [108.891552, -7.210934], [108.891514, -7.211033], [108.891469, -7.21109], [108.891423, -7.211116], [108.891332, -7.21112], [108.89126, -7.211105], [108.891187, -7.211063], [108.890956, -7.210882], [108.89069, -7.210719], [108.890232, -7.210544], [108.889825, -7.210409], [108.889445, -7.210345], [108.889158, -7.210353], [108.889082, -7.210355], [108.888774, -7.210427], [108.888362, -7.210614], [108.888199, -7.210675], [108.888039, -7.210715], [108.887697, -7.210767], [108.887164, -7.210786], [108.886574, -7.210784], [108.886322, -7.21078], [108.88608, -7.210758], [108.88598, -7.210746], [108.885848, -7.21074], [108.885704, -7.210759], [108.885516, -7.210808], [108.885398, -7.210826], [108.885258, -7.210841], [108.885227, -7.210845], [108.885197, -7.210858], [108.885173, -7.210878], [108.885155, -7.210904], [108.885146, -7.210935], [108.885145, -7.210966], [108.885154, -7.210997], [108.88517, -7.211024], [108.885194, -7.211045], [108.885314, -7.211102], [108.885327, -7.21112], [108.885333, -7.211142], [108.885331, -7.211164], [108.885322, -7.211185], [108.885306, -7.211201], [108.885286, -7.211211], [108.885263, -7.211213], [108.885241, -7.211208], [108.885129, -7.211166], [108.885002, -7.211116], [108.884794, -7.211068], [108.884432, -7.211014], [108.884097, -7.210978], [108.883949, -7.210951], [108.883843, -7.210921], [108.883722, -7.210861], [108.883537, -7.210753], [108.883428, -7.210711], [108.883394, -7.21071], [108.883362, -7.21072], [108.883333, -7.210738], [108.883311, -7.210762], [108.883297, -7.210793], [108.883292, -7.210826], [108.883297, -7.210859], [108.88331, -7.210889], [108.883332, -7.210914], [108.883357, -7.210941], [108.883508, -7.211088], [108.883537, -7.211126], [108.883545, -7.21117], [108.883539, -7.211212], [108.883512, -7.211252], [108.883444, -7.211293], [108.883307, -7.211313], [108.882961, -7.211347], [108.882532, -7.211362], [108.882246, -7.211361], [108.881817, -7.211354], [108.881638, -7.21134], [108.881381, -7.211279], [108.881165, -7.211196], [108.881026, -7.211127], [108.880929, -7.211064], [108.88076, -7.210917], [108.880618, -7.210813], [108.880594, -7.210799], [108.880305, -7.210625], [108.880146, -7.210492], [108.880068, -7.210383], [108.880056, -7.210355], [108.880025, -7.21028], [108.880014, -7.210189], [108.880028, -7.210106], [108.88007, -7.210029], [108.880136, -7.209952], [108.880359, -7.209777], [108.88063, -7.209572], [108.880694, -7.209504], [108.880738, -7.209428], [108.880751, -7.209367], [108.880752, -7.2093], [108.880737, -7.20918], [108.880695, -7.209055], [108.880642, -7.208982], [108.880502, -7.20886], [108.880391, -7.208761], [108.880314, -7.208695], [108.88028, -7.208678], [108.880244, -7.208677], [108.88021, -7.208687], [108.880188, -7.208708], [108.880177, -7.208739], [108.880172, -7.208776], [108.880179, -7.208822], [108.880187, -7.208868], [108.880196, -7.208917], [108.880202, -7.208964], [108.880203, -7.209013], [108.880198, -7.209063], [108.880172, -7.209156], [108.88012, -7.209239], [108.880058, -7.209303], [108.879976, -7.209371], [108.879786, -7.209527], [108.879684, -7.20964], [108.879646, -7.209694], [108.87963, -7.209727], [108.879609, -7.209766], [108.879579, -7.209794], [108.879541, -7.209806], [108.879512, -7.209806], [108.879484, -7.209799], [108.879466, -7.209784], [108.879453, -7.209754], [108.879444, -7.209694], [108.879454, -7.209643], [108.879477, -7.209582], [108.879536, -7.209477], [108.87957, -7.20942], [108.8796, -7.209369], [108.879617, -7.209335], [108.879631, -7.209303], [108.879647, -7.209252], [108.879648, -7.209213], [108.879641, -7.209183], [108.879626, -7.209161], [108.879604, -7.209137], [108.879561, -7.209127], [108.879515, -7.209138], [108.879444, -7.209176], [108.879402, -7.209204], [108.87934, -7.209232], [108.879279, -7.209244], [108.87919, -7.20924], [108.879104, -7.209223], [108.87907, -7.209222], [108.878992, -7.209252], [108.878964, -7.20926], [108.878901, -7.209278], [108.878853, -7.209274], [108.878818, -7.20926], [108.878786, -7.209236], [108.878699, -7.209104], [108.878636, -7.209002], [108.878552, -7.208938], [108.878465, -7.208904], [108.878365, -7.20889], [108.878141, -7.208915], [108.87777, -7.209065], [108.87746, -7.209147], [108.877166, -7.209218], [108.877053, -7.20927], [108.87694, -7.20933], [108.876897, -7.209349], [108.876814, -7.209384], [108.876682, -7.209417], [108.876574, -7.209423], [108.876448, -7.209414], [108.876355, -7.209385], [108.876231, -7.209332], [108.876185, -7.2093], [108.876138, -7.209254], [108.876094, -7.209189], [108.876068, -7.209128], [108.876045, -7.209026], [108.876037, -7.208841], [108.876017, -7.208709], [108.875995, -7.208632], [108.87595, -7.208548], [108.875894, -7.208498], [108.875782, -7.208402], [108.875719, -7.208276], [108.875693, -7.2082], [108.875678, -7.208165], [108.875662, -7.20814], [108.875635, -7.208124], [108.875604, -7.208116], [108.875573, -7.208116], [108.875543, -7.208126], [108.875516, -7.208143], [108.875496, -7.208167], [108.875483, -7.208196], [108.875479, -7.208227], [108.875429, -7.208502], [108.875382, -7.208674], [108.875333, -7.20877], [108.875275, -7.208813], [108.8752, -7.208831], [108.875094, -7.208808], [108.874968, -7.208759], [108.87459, -7.208545], [108.874423, -7.208544], [108.87428, -7.20856], [108.874204, -7.208529], [108.87418, -7.208511], [108.874158, -7.20849], [108.874086, -7.208325], [108.873965, -7.208002], [108.873914, -7.20785], [108.873876, -7.207817], [108.873829, -7.207799], [108.873778, -7.207798], [108.87373, -7.207813], [108.87369, -7.207844], [108.873662, -7.207887], [108.873659, -7.20801], [108.873663, -7.208099], [108.873666, -7.20816], [108.873648, -7.208205], [108.873626, -7.208226], [108.873601, -7.208238], [108.873569, -7.208242], [108.87354, -7.208236], [108.873496, -7.208202], [108.873479, -7.208149], [108.873446, -7.208102], [108.873379, -7.20776], [108.873349, -7.207598], [108.873295, -7.207574], [108.873234, -7.207577], [108.87316, -7.207585], [108.873096, -7.207632], [108.873004, -7.20778], [108.872892, -7.208052], [108.872778, -7.208355], [108.872705, -7.208478], [108.872675, -7.208524], [108.872653, -7.208544], [108.872626, -7.208559], [108.872597, -7.208565], [108.872543, -7.208554], [108.872507, -7.208524], [108.872464, -7.208362], [108.872395, -7.208212], [108.872321, -7.208038], [108.87228, -7.208009], [108.87222, -7.207996], [108.872168, -7.208007], [108.872124, -7.208037], [108.87206, -7.208143], [108.872031, -7.208213], [108.872, -7.208253], [108.87194, -7.208271], [108.871892, -7.208256], [108.871858, -7.208215], [108.871731, -7.208024], [108.871704, -7.208019], [108.871678, -7.208021], [108.871622, -7.208057], [108.871606, -7.208079], [108.871602, -7.208104], [108.871601, -7.208129], [108.871608, -7.208152], [108.871689, -7.208277], [108.871841, -7.208489], [108.87185, -7.208513], [108.871849, -7.208535], [108.871842, -7.208556], [108.871832, -7.208569], [108.871814, -7.208583], [108.871789, -7.208591], [108.871742, -7.208579], [108.871412, -7.208409], [108.871316, -7.208382], [108.871223, -7.208375], [108.871136, -7.208382], [108.87106, -7.208396], [108.870981, -7.20843], [108.87092, -7.208473], [108.870828, -7.208592], [108.870734, -7.208745], [108.870577, -7.208835], [108.870456, -7.208896], [108.870399, -7.208938], [108.870373, -7.20898], [108.870364, -7.209048], [108.870377, -7.209106], [108.870425, -7.209256], [108.87048, -7.209359], [108.870511, -7.209432], [108.870542, -7.209497], [108.87057, -7.209584], [108.870625, -7.209684], [108.870643, -7.209755], [108.870662, -7.209798], [108.870673, -7.209817], [108.870693, -7.209844], [108.87072, -7.209868], [108.870763, -7.209902], [108.870798, -7.209931], [108.87081, -7.209942], [108.87082, -7.209955], [108.870835, -7.209986], [108.87085, -7.210047], [108.87086, -7.210139], [108.870864, -7.210209], [108.870862, -7.210227], [108.87086, -7.21025], [108.870856, -7.210265], [108.870844, -7.210285], [108.870831, -7.210299], [108.870806, -7.210323], [108.870716, -7.210392], [108.870658, -7.210435], [108.870623, -7.210465], [108.870589, -7.210502], [108.870573, -7.21053], [108.870527, -7.210618], [108.870488, -7.210722], [108.870471, -7.210752], [108.870455, -7.210776], [108.870425, -7.210808], [108.870397, -7.21083], [108.870366, -7.210849], [108.870312, -7.21087], [108.87021, -7.210898], [108.870088, -7.210928], [108.869987, -7.210963], [108.869876, -7.211007], [108.869755, -7.211054], [108.869706, -7.211072], [108.86966, -7.211081], [108.869626, -7.211085], [108.869591, -7.211086], [108.869514, -7.211079], [108.869433, -7.211058], [108.869349, -7.211029], [108.869153, -7.210945], [108.869052, -7.210914], [108.868955, -7.210907], [108.868888, -7.210918], [108.868843, -7.210934], [108.868789, -7.210979], [108.868745, -7.211031], [108.868701, -7.211109], [108.868674, -7.211185], [108.868652, -7.211281], [108.868632, -7.211385], [108.868622, -7.211458], [108.868616, -7.211551], [108.86862, -7.211649], [108.868637, -7.211772], [108.868677, -7.212009], [108.868696, -7.212228], [108.868698, -7.212308], [108.868693, -7.21239], [108.868672, -7.212457], [108.868658, -7.212481], [108.868641, -7.212505], [108.86862, -7.212519], [108.868593, -7.212531], [108.868541, -7.212543], [108.868458, -7.212541], [108.868387, -7.212533], [108.86825, -7.212505], [108.868013, -7.212458], [108.867957, -7.212447], [108.867918, -7.212436], [108.867887, -7.212422], [108.867843, -7.212394], [108.867797, -7.212348], [108.86776, -7.212308], [108.867703, -7.212262], [108.867636, -7.212229], [108.867572, -7.212207], [108.867494, -7.21219], [108.867287, -7.212165], [108.867127, -7.212146], [108.867026, -7.212114], [108.866938, -7.212064], [108.866875, -7.211995], [108.866851, -7.211957], [108.866828, -7.211892], [108.866818, -7.211814], [108.866819, -7.211734], [108.866831, -7.211567], [108.86685, -7.211426], [108.866863, -7.211321], [108.866857, -7.211213], [108.866826, -7.211125], [108.866758, -7.211035], [108.866686, -7.210961], [108.866613, -7.210895], [108.866513, -7.210829], [108.866414, -7.210775], [108.86633, -7.210721], [108.866275, -7.210679], [108.866214, -7.210621], [108.866165, -7.210571], [108.86612, -7.21052], [108.866068, -7.210461], [108.866022, -7.210418], [108.86597, -7.210373], [108.865898, -7.210322], [108.865862, -7.2103], [108.86585, -7.210295], [108.865835, -7.210291], [108.865824, -7.210291], [108.865813, -7.210292], [108.865799, -7.210294], [108.865786, -7.210299], [108.865775, -7.210305], [108.865756, -7.210319], [108.8657, -7.210357], [108.865372, -7.210564], [108.865303, -7.210603], [108.865272, -7.210616], [108.865246, -7.210623], [108.865214, -7.210622], [108.865195, -7.210616], [108.865165, -7.210596], [108.865149, -7.210575], [108.865128, -7.210536], [108.865094, -7.210448], [108.865053, -7.210323], [108.86503, -7.210263], [108.865014, -7.210226], [108.864967, -7.210142], [108.864913, -7.210075], [108.864881, -7.210053], [108.864853, -7.210041], [108.864834, -7.210037], [108.864819, -7.210037], [108.864793, -7.210044], [108.864762, -7.210059], [108.864712, -7.210091], [108.864606, -7.210156], [108.864471, -7.210239], [108.864388, -7.210275], [108.864309, -7.210299], [108.864231, -7.210318], [108.864129, -7.210333], [108.863993, -7.210333], [108.863704, -7.21031], [108.863446, -7.210284], [108.863238, -7.210266], [108.863067, -7.210265], [108.862944, -7.210277], [108.862804, -7.210306], [108.862569, -7.210366], [108.862414, -7.210423], [108.862139, -7.210546], [108.861974, -7.210633], [108.861872, -7.210685], [108.861729, -7.210775], [108.86164, -7.210841], [108.861584, -7.21088], [108.861645, -7.21102], [108.861679, -7.211114], [108.861698, -7.211188], [108.861706, -7.211257], [108.861708, -7.211326], [108.861703, -7.211372], [108.861689, -7.211422], [108.861678, -7.211445], [108.861653, -7.211473], [108.861619, -7.211494], [108.861584, -7.211507], [108.861542, -7.211519], [108.861505, -7.211524], [108.861456, -7.211526], [108.861418, -7.211521], [108.861376, -7.211512], [108.861344, -7.211496], [108.861341, -7.211494], [108.861305, -7.211472], [108.861274, -7.211421], [108.861256, -7.21139], [108.86124, -7.211357], [108.861221, -7.211316], [108.861182, -7.211243], [108.861132, -7.211179], [108.861083, -7.211127], [108.861032, -7.211083], [108.860957, -7.21105], [108.860851, -7.211012], [108.860742, -7.210981], [108.860636, -7.210942], [108.860543, -7.210893], [108.860441, -7.210833], [108.86035, -7.210769], [108.860287, -7.210737], [108.860257, -7.21073], [108.860231, -7.210728], [108.86021, -7.210733], [108.860191, -7.210743], [108.860172, -7.210765], [108.860155, -7.210798], [108.860138, -7.210844], [108.860127, -7.210922], [108.860121, -7.210974], [108.86011, -7.211027], [108.860097, -7.211063], [108.860067, -7.211124], [108.860038, -7.211163], [108.860006, -7.211197], [108.859979, -7.211217], [108.859959, -7.211226], [108.859932, -7.21123], [108.859888, -7.21123], [108.859857, -7.211215], [108.859808, -7.211189], [108.85974, -7.21114], [108.859684, -7.211078], [108.859602, -7.21099], [108.859536, -7.2109], [108.859475, -7.210832], [108.859437, -7.210804], [108.859393, -7.210783], [108.859334, -7.210764], [108.859272, -7.21075], [108.859187, -7.210731], [108.859125, -7.210711], [108.859083, -7.210691], [108.859039, -7.210665], [108.858978, -7.210616], [108.858866, -7.210473], [108.858826, -7.210422], [108.858789, -7.210382], [108.858764, -7.210361], [108.858738, -7.210344], [108.858706, -7.210334], [108.858678, -7.210332], [108.858644, -7.210336], [108.858612, -7.210349], [108.858588, -7.210366], [108.85857, -7.210391], [108.858554, -7.210432], [108.858546, -7.21049], [108.858551, -7.21053], [108.858562, -7.210575], [108.858633, -7.210727], [108.85872, -7.210904], [108.858771, -7.211026], [108.858801, -7.211111], [108.858806, -7.211179], [108.858799, -7.211231], [108.858792, -7.211255], [108.858785, -7.211273], [108.858778, -7.211288], [108.858766, -7.211307], [108.858755, -7.211317], [108.858742, -7.211327], [108.858716, -7.211339], [108.858665, -7.211351], [108.858589, -7.211362], [108.858527, -7.211378], [108.858471, -7.211402], [108.858369, -7.211461], [108.858157, -7.211615], [108.858014, -7.211719], [108.85795, -7.211752], [108.857854, -7.211785], [108.857736, -7.211806], [108.857567, -7.211818], [108.857317, -7.211804], [108.857229, -7.211791], [108.857119, -7.21179], [108.857031, -7.211802], [108.856932, -7.211842], [108.856804, -7.211919], [108.856611, -7.212052], [108.856549, -7.212097], [108.856463, -7.212152], [108.856439, -7.212161], [108.856412, -7.212168], [108.856373, -7.212168], [108.856333, -7.212162], [108.856271, -7.212135], [108.856126, -7.212066], [108.855991, -7.212], [108.855917, -7.211986], [108.85586, -7.211983], [108.855812, -7.21199], [108.855776, -7.212002], [108.855739, -7.212024], [108.855674, -7.212078], [108.855602, -7.212158], [108.855539, -7.212239], [108.855438, -7.212423], [108.855389, -7.212564], [108.85533, -7.212751], [108.855283, -7.212845], [108.855224, -7.212924], [108.855103, -7.21303], [108.854824, -7.213235], [108.854474, -7.21347], [108.854191, -7.213682], [108.854005, -7.213851], [108.853928, -7.213944], [108.853856, -7.214043], [108.853786, -7.214166], [108.853749, -7.214218], [108.85373, -7.214241], [108.853713, -7.21426], [108.853699, -7.214269], [108.853676, -7.214281], [108.853644, -7.214291], [108.853612, -7.214299], [108.853557, -7.214309], [108.853465, -7.214327], [108.853408, -7.214336], [108.853364, -7.214344], [108.853333, -7.214351], [108.853296, -7.214365], [108.853259, -7.214384], [108.853217, -7.214418], [108.853108, -7.214528], [108.853051, -7.214585], [108.853008, -7.214617], [108.852958, -7.214648], [108.852931, -7.214658], [108.852904, -7.214664], [108.852872, -7.214667], [108.85282, -7.214667], [108.852701, -7.214656], [108.852542, -7.214636], [108.85251, -7.214633], [108.852498, -7.214634], [108.852485, -7.214636], [108.852469, -7.214642], [108.852466, -7.214644], [108.852454, -7.214654], [108.852444, -7.214665], [108.852438, -7.21468], [108.852433, -7.214708], [108.85243, -7.214739], [108.852424, -7.214826], [108.852418, -7.214876], [108.852411, -7.214919], [108.8524, -7.214948], [108.852385, -7.214972], [108.85237, -7.214986], [108.852355, -7.214998], [108.85234, -7.215006], [108.852309, -7.215017], [108.852211, -7.215033], [108.851974, -7.215068], [108.85193, -7.215071], [108.851891, -7.215068], [108.851835, -7.215053], [108.851784, -7.215027], [108.851744, -7.215004], [108.851697, -7.214964], [108.851653, -7.214925], [108.851526, -7.214801], [108.851246, -7.214568], [108.850785, -7.214228], [108.850568, -7.214099], [108.850358, -7.213962], [108.850295, -7.21391], [108.850274, -7.21388], [108.850259, -7.213849], [108.850248, -7.213811], [108.850246, -7.213788], [108.850246, -7.213767], [108.850249, -7.213746], [108.850254, -7.213725], [108.850274, -7.213672], [108.850317, -7.213579], [108.850344, -7.213524], [108.850365, -7.213472], [108.850376, -7.213434], [108.850379, -7.213407], [108.850376, -7.213383], [108.85037, -7.213362], [108.850362, -7.213351], [108.850348, -7.21334], [108.850327, -7.213331], [108.850292, -7.21332], [108.850245, -7.21331], [108.850088, -7.213297], [108.849799, -7.213252], [108.849626, -7.213213], [108.849556, -7.213175], [108.849505, -7.213127], [108.849459, -7.213075], [108.849386, -7.212959], [108.84931, -7.212839], [108.849262, -7.212786], [108.849201, -7.212731], [108.849136, -7.212692], [108.849098, -7.212681], [108.849037, -7.212676], [108.848984, -7.212677], [108.84889, -7.212699], [108.848756, -7.212739], [108.84862, -7.212781], [108.84853, -7.212796], [108.848426, -7.212799], [108.848339, -7.212792], [108.848124, -7.21275], [108.84784, -7.212729], [108.847709, -7.212726], [108.847675, -7.212716], [108.847652, -7.212694], [108.847631, -7.212661], [108.847594, -7.212581], [108.847455, -7.212325], [108.847216, -7.212126], [108.846994, -7.21188], [108.846798, -7.211712], [108.846668, -7.211666], [108.846479, -7.21165], [108.846339, -7.21168], [108.846184, -7.211756], [108.846039, -7.211808], [108.845669, -7.21193], [108.84556, -7.211968], [108.845512, -7.212], [108.845472, -7.212043], [108.845456, -7.212076], [108.845432, -7.212129], [108.845371, -7.212298], [108.845322, -7.212354], [108.845252, -7.212372], [108.845118, -7.212404], [108.844996, -7.212385], [108.844861, -7.21235], [108.844716, -7.212298], [108.844617, -7.212269], [108.844525, -7.212254], [108.844462, -7.212257], [108.844407, -7.212271], [108.844329, -7.212306], [108.844248, -7.212374], [108.844183, -7.21248], [108.84412, -7.212688], [108.844078, -7.212816], [108.844042, -7.212874], [108.844005, -7.212901], [108.843955, -7.212919], [108.843876, -7.212944], [108.843778, -7.212988], [108.843623, -7.21306], [108.843511, -7.213152], [108.843466, -7.213199], [108.843346, -7.21331], [108.843066, -7.213489], [108.84297, -7.213547], [108.84278, -7.213695], [108.842675, -7.213731], [108.842553, -7.213757], [108.842314, -7.213803], [108.842133, -7.213841], [108.841846, -7.213912], [108.841675, -7.213954], [108.840895, -7.214084], [108.840603, -7.214102], [108.840495, -7.214086], [108.840107, -7.213962], [108.840031, -7.213937], [108.839955, -7.213925], [108.839873, -7.213935], [108.839798, -7.21396], [108.839742, -7.214], [108.839672, -7.214053], [108.839634, -7.214076], [108.839591, -7.21409], [108.839414, -7.214115], [108.839347, -7.214129], [108.839276, -7.214149], [108.839218, -7.21417], [108.839158, -7.214206], [108.839047, -7.214282], [108.838905, -7.21438], [108.838826, -7.214439], [108.838755, -7.214502], [108.838645, -7.214598], [108.838476, -7.214747], [108.838292, -7.214899], [108.838223, -7.214969], [108.838177, -7.215041], [108.838157, -7.215137], [108.838142, -7.21531], [108.838093, -7.21552], [108.838077, -7.215562], [108.838058, -7.215595], [108.838031, -7.215628], [108.837998, -7.215658], [108.837748, -7.215837], [108.837633, -7.21592], [108.83758, -7.215951], [108.837521, -7.215974], [108.837477, -7.215983], [108.837433, -7.215973], [108.837394, -7.215957], [108.837346, -7.215925], [108.83729, -7.215863], [108.837241, -7.215796], [108.836848, -7.214943], [108.836784, -7.214746], [108.836714, -7.214609], [108.836622, -7.214541], [108.83654, -7.214525], [108.836448, -7.21453], [108.8363, -7.214568], [108.836177, -7.214601], [108.835908, -7.214661], [108.835418, -7.214807], [108.835228, -7.214872], [108.83514, -7.214886], [108.835039, -7.214882], [108.834851, -7.214847], [108.83437, -7.214679], [108.834175, -7.214566], [108.834005, -7.214448], [108.833916, -7.214396], [108.833836, -7.214364], [108.83371, -7.214348], [108.833638, -7.214326], [108.833565, -7.214286], [108.833141, -7.21402], [108.832708, -7.213715], [108.832616, -7.21366], [108.832518, -7.21363], [108.83231, -7.213588], [108.832014, -7.213551], [108.831868, -7.213492], [108.831811, -7.213459], [108.831679, -7.213344], [108.831653, -7.213314], [108.831635, -7.213274], [108.831599, -7.213104], [108.831515, -7.212834], [108.831476, -7.212794], [108.831431, -7.212756], [108.83124, -7.212628], [108.831135, -7.212527], [108.831114, -7.212491], [108.831075, -7.212345], [108.831052, -7.21229], [108.830961, -7.212135], [108.830941, -7.212107], [108.830909, -7.212092], [108.830789, -7.212074], [108.830711, -7.212042], [108.830682, -7.21202], [108.830658, -7.211981], [108.83065, -7.211921], [108.830654, -7.21181], [108.830598, -7.211418], [108.83058, -7.211274], [108.830564, -7.211211], [108.830535, -7.211154], [108.830495, -7.211104], [108.830447, -7.211056], [108.830332, -7.210997], [108.830288, -7.21099], [108.830143, -7.210989], [108.829954, -7.21104], [108.829918, -7.211068], [108.829864, -7.21121], [108.829832, -7.21131], [108.829806, -7.211336], [108.829747, -7.211332], [108.829661, -7.211281], [108.829606, -7.211227], [108.829475, -7.210836], [108.829428, -7.210768], [108.829263, -7.210548], [108.82901, -7.210274], [108.828726, -7.209986], [108.828608, -7.209907], [108.828529, -7.209871], [108.828442, -7.209854], [108.828347, -7.209863], [108.828262, -7.209904], [108.828191, -7.209991], [108.828132, -7.210092], [108.828111, -7.210204], [108.828084, -7.210346], [108.828038, -7.210446], [108.827915, -7.210542], [108.827727, -7.21061], [108.827584, -7.210653], [108.827517, -7.210633], [108.827447, -7.210596], [108.827409, -7.210562], [108.827397, -7.210518], [108.827439, -7.210335], [108.827468, -7.210081], [108.82747, -7.209894], [108.82745, -7.20983], [108.827407, -7.209759], [108.827361, -7.209699], [108.82729, -7.209658], [108.827136, -7.209604], [108.82692, -7.209525], [108.826871, -7.209487], [108.826831, -7.209449], [108.826821, -7.209379], [108.826829, -7.209305], [108.826864, -7.209268], [108.826918, -7.209243], [108.827022, -7.209214], [108.827128, -7.209178], [108.82731, -7.209126], [108.827397, -7.209097], [108.827476, -7.209036], [108.827552, -7.208957], [108.827627, -7.208839], [108.827675, -7.208741], [108.827701, -7.208699], [108.827757, -7.208625], [108.82789, -7.208472], [108.827949, -7.208417], [108.828046, -7.208296], [108.828279, -7.207933], [108.828316, -7.207722], [108.828327, -7.207584], [108.828304, -7.207296], [108.828325, -7.207175], [108.828383, -7.207073], [108.828457, -7.206959], [108.828553, -7.206843], [108.828718, -7.206735], [108.828757, -7.206704], [108.828788, -7.206669], [108.828818, -7.206621], [108.828839, -7.206575], [108.829034, -7.206376], [108.829129, -7.206312], [108.829209, -7.206265], [108.829292, -7.206219], [108.829681, -7.205637], [108.830096, -7.204917], [108.830207, -7.204759], [108.830325, -7.204603], [108.830395, -7.204367], [108.830429, -7.204229], [108.830412, -7.204148], [108.830391, -7.204083], [108.830367, -7.203976], [108.830357, -7.203922], [108.830376, -7.20387], [108.830392, -7.203832], [108.830428, -7.203808], [108.830508, -7.203783], [108.830668, -7.2038], [108.830836, -7.20385], [108.831124, -7.203841], [108.831502, -7.203757], [108.831668, -7.203659], [108.831999, -7.20335], [108.832274, -7.203226], [108.832463, -7.203155], [108.832624, -7.203049], [108.832675, -7.202976], [108.832691, -7.202878], [108.832673, -7.202803], [108.832637, -7.202748], [108.832544, -7.202644], [108.832349, -7.202455], [108.832182, -7.202326], [108.831931, -7.202188], [108.831718, -7.202064], [108.831591, -7.201998], [108.83147, -7.201962], [108.831346, -7.201923], [108.831146, -7.201832], [108.830993, -7.201734], [108.830943, -7.20166], [108.830933, -7.201587], [108.830926, -7.201506], [108.830963, -7.201444], [108.83104, -7.201346], [108.831216, -7.201215], [108.831261, -7.201154], [108.831278, -7.201101], [108.831265, -7.201042], [108.831242, -7.200983], [108.831203, -7.200942], [108.83108, -7.20092], [108.830866, -7.200882], [108.830724, -7.200825], [108.830589, -7.200688], [108.830543, -7.200538], [108.830554, -7.200112], [108.830548, -7.199976], [108.830524, -7.199859], [108.830485, -7.199744], [108.830418, -7.199654], [108.830098, -7.199206], [108.829874, -7.198933], [108.829742, -7.198752], [108.829689, -7.198681], [108.829672, -7.198632], [108.829675, -7.198578], [108.829685, -7.198532], [108.829707, -7.1985], [108.829916, -7.198155], [108.830067, -7.197744], [108.830144, -7.197364], [108.830211, -7.196834], [108.830237, -7.196472], [108.83022, -7.196368], [108.83013, -7.196139], [108.830128, -7.196083], [108.830121, -7.196027], [108.830114, -7.195954], [108.830119, -7.195888], [108.830205, -7.195448], [108.830373, -7.195165], [108.830403, -7.195044], [108.830391, -7.194951], [108.830352, -7.194882], [108.83028, -7.194819], [108.830178, -7.194781], [108.83012, -7.194775], [108.830073, -7.194774], [108.829936, -7.194779], [108.829766, -7.194779], [108.829673, -7.194755], [108.829606, -7.194723], [108.829451, -7.194569], [108.829335, -7.194398], [108.829296, -7.1943], [108.829286, -7.194201], [108.829296, -7.194111], [108.829315, -7.194072], [108.82933, -7.194044], [108.829394, -7.193923], [108.829467, -7.193824], [108.829544, -7.19366], [108.829569, -7.1935], [108.829547, -7.193287], [108.829469, -7.193104], [108.828919, -7.192488], [108.828761, -7.192305], [108.82858, -7.192156], [108.828309, -7.192078], [108.82806, -7.192027], [108.827958, -7.191922], [108.8279, -7.191764], [108.827913, -7.191281], [108.827931, -7.191003], [108.827919, -7.190713], [108.827841, -7.190572], [108.827779, -7.190423], [108.827739, -7.190322], [108.82771, -7.190266], [108.827662, -7.190233], [108.827546, -7.190191], [108.827401, -7.190156], [108.827146, -7.19008], [108.827, -7.190082], [108.826896, -7.190134], [108.826817, -7.190176], [108.826761, -7.190232], [108.826684, -7.190292], [108.826642, -7.190328], [108.826603, -7.190367], [108.826557, -7.190376], [108.826528, -7.190369], [108.826496, -7.190338], [108.826475, -7.190292], [108.826475, -7.190231], [108.826532, -7.190143], [108.826611, -7.190062], [108.826824, -7.189839], [108.826932, -7.189502], [108.82698, -7.189208], [108.827071, -7.188948], [108.827082, -7.188891], [108.827084, -7.188854], [108.827073, -7.188825], [108.827036, -7.188781], [108.82696, -7.188744], [108.82689, -7.188704], [108.82685, -7.188677], [108.826822, -7.188621], [108.826809, -7.188535], [108.826822, -7.188483], [108.82688, -7.188271], [108.82688, -7.188114], [108.826844, -7.187973], [108.82681, -7.187878], [108.826797, -7.187821], [108.826805, -7.187763], [108.826817, -7.187652], [108.826847, -7.187553], [108.826845, -7.18748], [108.826825, -7.187415], [108.826793, -7.18736], [108.826756, -7.1873], [108.826698, -7.187253], [108.826556, -7.187126], [108.826404, -7.187058], [108.826304, -7.187048], [108.826217, -7.187042], [108.826117, -7.187027], [108.826025, -7.186974], [108.82583, -7.186772], [108.825721, -7.186696], [108.825623, -7.18664], [108.825483, -7.186574], [108.825373, -7.186469], [108.825317, -7.18635], [108.825303, -7.186238], [108.825321, -7.185916], [108.82537, -7.185774], [108.825421, -7.185699], [108.825495, -7.185624], [108.825524, -7.185594], [108.825547, -7.185544], [108.825548, -7.185478], [108.825535, -7.185414], [108.825398, -7.185209], [108.82525, -7.185031], [108.825116, -7.184897], [108.824986, -7.184764], [108.824787, -7.184585], [108.824564, -7.184365], [108.824254, -7.184119], [108.824009, -7.183958], [108.823764, -7.183886], [108.823524, -7.183788], [108.82334, -7.183662], [108.823167, -7.183494], [108.82309, -7.18346], [108.82285, -7.183422], [108.822322, -7.183388], [108.821704, -7.183324], [108.820966, -7.183107], [108.8207, -7.182979], [108.820382, -7.182779], [108.820129, -7.182591], [108.81991, -7.182371], [108.819761, -7.182155], [108.819702, -7.182002], [108.819658, -7.181802], [108.819579, -7.181525], [108.819446, -7.181248], [108.81939, -7.181155], [108.81931, -7.181057], [108.819207, -7.181006], [108.819047, -7.180946], [108.818864, -7.180877], [108.818664, -7.180744], [108.818514, -7.180598], [108.818475, -7.180531], [108.818452, -7.18043], [108.818425, -7.180306], [108.818372, -7.180193], [108.818299, -7.1801], [108.818214, -7.180036], [108.818073, -7.179954], [108.818016, -7.179938], [108.817961, -7.179938], [108.817808, -7.17998], [108.817678, -7.179994], [108.817621, -7.179992], [108.817506, -7.179952], [108.817436, -7.179914], [108.817358, -7.179902], [108.817312, -7.17991], [108.817232, -7.179964], [108.817092, -7.180115], [108.816921, -7.180272], [108.816808, -7.180365], [108.816705, -7.180417], [108.816604, -7.180442], [108.816432, -7.180446], [108.815696, -7.180374], [108.815466, -7.180345], [108.815223, -7.180291], [108.815007, -7.180213], [108.814863, -7.180145], [108.814744, -7.18006], [108.814606, -7.179942], [108.814456, -7.179835], [108.814291, -7.17975], [108.814083, -7.179678], [108.814065, -7.179673], [108.81393, -7.179633], [108.813716, -7.17957], [108.813585, -7.179532], [108.813214, -7.179404], [108.813155, -7.179388], [108.813116, -7.179388], [108.813082, -7.179416], [108.813014, -7.179577], [108.812979, -7.179698], [108.812919, -7.179825], [108.812782, -7.180036], [108.812717, -7.180159], [108.812668, -7.18034], [108.81264, -7.18058], [108.812656, -7.180982], [108.812669, -7.181129], [108.812522, -7.181148], [108.812254, -7.181171], [108.811542, -7.181227], [108.811244, -7.181249], [108.810729, -7.181288], [108.810447, -7.181308], [108.810074, -7.181348], [108.809967, -7.181375], [108.80988, -7.181422], [108.809689, -7.181516], [108.809534, -7.181569], [108.809356, -7.181622], [108.809232, -7.18164], [108.809097, -7.181621], [108.808846, -7.181566], [108.808541, -7.18152], [108.808194, -7.18152], [108.807362, -7.181599], [108.807149, -7.181621], [108.806812, -7.181661], [108.806072, -7.181746], [108.80586, -7.181774], [108.805735, -7.181774], [108.80556, -7.181778], [108.805502, -7.18178], [108.804637, -7.181803], [108.803469, -7.181756], [108.803383, -7.181751], [108.803092, -7.181701], [108.802989, -7.181675]]}}, {"type": "Feature", "properties": {"KML_FOLDER": "Jalan Provinsi_1", "gx:balloonVisibility": ""}, "geometry": {"type": "LineString", "coordinates": [[109.016842, -7.236734], [109.01717, -7.23623], [109.017456, -7.235753], [109.017502, -7.235658], [109.017548, -7.235589], [109.017616, -7.23555], [109.017769, -7.235477], [109.01815, -7.235295], [109.018623, -7.23504], [109.01902, -7.234818], [109.01931, -7.234659], [109.019524, -7.234534], [109.019699, -7.234425], [109.019821, -7.234313], [109.01989, -7.234271], [109.019958, -7.234233], [109.02002, -7.234235], [109.020103, -7.234246], [109.02018, -7.234242], [109.020248, -7.234197], [109.020309, -7.234124], [109.020386, -7.233932], [109.02047, -7.23373], [109.020523, -7.233572], [109.020538, -7.233438], [109.020561, -7.233256], [109.020592, -7.233012], [109.02063, -7.2328], [109.020668, -7.23262], [109.020699, -7.232491], [109.020729, -7.232377], [109.02076, -7.232266], [109.02076, -7.232188], [109.020798, -7.231919], [109.020828, -7.231671], [109.020851, -7.231578], [109.020866, -7.231509], [109.020897, -7.231446], [109.021027, -7.231248], [109.021103, -7.231142], [109.021156, -7.231052], [109.02121, -7.230947], [109.021255, -7.230845], [109.021294, -7.230752], [109.021332, -7.230678], [109.021378, -7.23061], [109.021439, -7.230547], [109.021523, -7.23049], [109.021606, -7.230443], [109.021744, -7.230378], [109.021889, -7.230318], [109.022003, -7.23028], [109.022102, -7.230262], [109.022179, -7.230258], [109.022255, -7.230274], [109.022354, -7.230289], [109.022476, -7.230314], [109.022591, -7.230334], [109.022682, -7.230334], [109.022766, -7.23033], [109.022881, -7.230294], [109.023003, -7.230263], [109.023178, -7.230243], [109.02343, -7.230209], [109.023605, -7.230189], [109.023872, -7.230172], [109.024155, -7.230156], [109.024414, -7.23014], [109.024681, -7.230145], [109.024826, -7.230147], [109.024956, -7.230154], [109.025116, -7.230167], [109.025238, -7.230176], [109.025352, -7.230174], [109.025444, -7.230161], [109.025528, -7.230143], [109.02562, -7.230105], [109.025703, -7.230047], [109.02578, -7.229998], [109.025856, -7.229962], [109.025948, -7.229939], [109.02607, -7.229917], [109.026222, -7.229902], [109.026375, -7.229886], [109.026482, -7.229879], [109.026558, -7.22987], [109.026642, -7.229844], [109.026749, -7.22979], [109.026863, -7.229737], [109.026955, -7.22969], [109.027039, -7.22965], [109.027161, -7.229601], [109.02729, -7.22955], [109.02742, -7.229481], [109.027542, -7.229419], [109.027664, -7.22933], [109.027763, -7.229265], [109.02784, -7.229209], [109.027931, -7.229167], [109.028023, -7.229147], [109.028122, -7.229149], [109.028229, -7.229171], [109.028305, -7.229187], [109.028397, -7.229229], [109.028488, -7.22927], [109.028572, -7.22929], [109.028656, -7.229299], [109.028725, -7.2293], [109.028793, -7.229287], [109.02887, -7.229256], [109.028969, -7.229203], [109.029091, -7.229124], [109.02919, -7.22904], [109.029274, -7.228984], [109.029358, -7.228949], [109.029434, -7.228942], [109.029503, -7.228953], [109.029579, -7.228986], [109.029686, -7.229026], [109.029778, -7.229049], [109.029861, -7.229073], [109.029961, -7.229089], [109.030052, -7.229095], [109.030159, -7.229091], [109.030334, -7.229066], [109.030434, -7.229049], [109.03054, -7.22904], [109.030663, -7.229029], [109.031044, -7.22898], [109.031494, -7.228922], [109.031616, -7.228906], [109.031731, -7.228886], [109.031845, -7.228855], [109.032005, -7.228797], [109.032448, -7.228626], [109.032623, -7.228544], [109.032684, -7.228504], [109.032715, -7.228464], [109.032722, -7.228402], [109.03273, -7.228268], [109.032738, -7.228141], [109.032753, -7.228024], [109.032776, -7.227881], [109.032822, -7.227713], [109.03286, -7.22756], [109.032898, -7.227364], [109.032928, -7.227175], [109.032967, -7.227001], [109.033012, -7.226811], [109.033051, -7.226685], [109.033104, -7.226538], [109.03315, -7.2264], [109.033203, -7.226249], [109.033234, -7.226153], [109.033264, -7.226061], [109.033279, -7.225932], [109.033287, -7.225799], [109.033295, -7.225669], [109.03331, -7.225547], [109.033318, -7.225463], [109.033348, -7.225371], [109.033386, -7.225243], [109.033424, -7.225134], [109.03347, -7.225031], [109.033508, -7.224929], [109.033539, -7.224847], [109.033569, -7.224758], [109.0336, -7.224647], [109.033661, -7.224449], [109.033699, -7.224318], [109.033722, -7.224191], [109.033737, -7.224067], [109.033752, -7.223968], [109.033745, -7.223821], [109.033737, -7.223699], [109.033737, -7.223594], [109.033752, -7.223472], [109.033775, -7.223343], [109.033806, -7.223214], [109.033836, -7.223105], [109.033859, -7.223022], [109.033897, -7.222919], [109.033936, -7.222672], [109.033958, -7.222446], [109.033989, -7.222234], [109.034027, -7.222129], [109.034058, -7.222089], [109.034096, -7.222069], [109.03418, -7.222067], [109.034264, -7.222054], [109.034332, -7.222032], [109.034401, -7.222005], [109.034485, -7.221949], [109.034546, -7.221898], [109.034645, -7.221862], [109.034752, -7.221825], [109.034851, -7.221811], [109.034973, -7.221789], [109.035072, -7.221776], [109.035141, -7.221749], [109.035172, -7.2217], [109.035202, -7.221618], [109.03524, -7.221455], [109.035286, -7.221206], [109.035324, -7.221057], [109.035355, -7.220955], [109.0354, -7.220861], [109.035431, -7.220806], [109.035484, -7.22077], [109.035561, -7.220739], [109.035675, -7.220717], [109.035774, -7.220711], [109.035873, -7.220717], [109.035965, -7.220717], [109.036034, -7.220702], [109.036095, -7.220671], [109.036186, -7.220591], [109.036285, -7.220466], [109.036362, -7.220306], [109.036415, -7.220217], [109.036469, -7.220168], [109.03656, -7.220137], [109.036659, -7.22013], [109.036751, -7.220115], [109.036858, -7.220065], [109.036957, -7.219994], [109.037109, -7.219898], [109.037247, -7.219836], [109.037354, -7.219814], [109.037468, -7.219802], [109.037567, -7.219811], [109.03772, -7.219838], [109.037895, -7.219881], [109.038025, -7.219933], [109.038162, -7.219989], [109.038269, -7.220051], [109.038383, -7.220102], [109.03849, -7.220149], [109.038612, -7.220171], [109.038727, -7.220178], [109.038811, -7.220184], [109.038887, -7.220193], [109.038948, -7.220211], [109.039001, -7.220251], [109.03904, -7.220313], [109.039078, -7.220377], [109.039139, -7.220446], [109.039215, -7.220504], [109.039299, -7.220568], [109.039421, -7.220635], [109.039505, -7.220684], [109.039589, -7.220704], [109.039742, -7.220717], [109.039917, -7.220728], [109.04007, -7.220746], [109.040169, -7.22075], [109.040237, -7.22075], [109.040276, -7.220737], [109.040359, -7.220697], [109.040443, -7.220666], [109.04052, -7.220657], [109.040596, -7.220664], [109.040657, -7.220684], [109.040787, -7.220739], [109.040962, -7.220837], [109.041115, -7.220959], [109.041222, -7.221042], [109.041321, -7.221119], [109.041451, -7.221197], [109.041519, -7.221235], [109.041611, -7.221257], [109.041695, -7.221279], [109.041771, -7.221299], [109.041847, -7.221327], [109.041931, -7.221369], [109.041985, -7.221431], [109.04203, -7.221505], [109.042076, -7.221556], [109.042137, -7.221576], [109.042183, -7.22158], [109.042221, -7.221558], [109.042259, -7.221513], [109.042313, -7.221403], [109.042381, -7.221247], [109.042419, -7.221061], [109.042442, -7.220962], [109.042458, -7.220842], [109.042442, -7.220731], [109.042404, -7.220613], [109.042343, -7.220454], [109.042282, -7.220285], [109.042259, -7.220201], [109.042259, -7.220152], [109.042274, -7.220117], [109.042313, -7.220094], [109.042351, -7.220094], [109.042419, -7.22013], [109.04277, -7.22031], [109.043167, -7.220496], [109.043365, -7.220576], [109.043434, -7.220593], [109.043503, -7.220589], [109.043556, -7.220572], [109.043732, -7.220498], [109.044014, -7.220374], [109.044098, -7.220356], [109.044136, -7.220372], [109.044189, -7.220401], [109.044289, -7.22058], [109.04435, -7.220704], [109.044403, -7.220779], [109.044449, -7.220809], [109.044495, -7.220799], [109.044533, -7.220773], [109.044556, -7.220726], [109.044571, -7.220622], [109.04454, -7.220387], [109.044548, -7.220334], [109.044579, -7.220305], [109.044617, -7.220303], [109.04467, -7.220332], [109.044708, -7.220456], [109.044746, -7.220576], [109.044785, -7.220611], [109.04483, -7.220624], [109.044868, -7.220607], [109.044907, -7.22058], [109.044945, -7.220514], [109.045006, -7.22034], [109.045052, -7.220275], [109.045143, -7.220209], [109.045288, -7.220089], [109.04554, -7.219956], [109.045662, -7.219903], [109.045837, -7.219859], [109.04599, -7.219844], [109.046104, -7.219851], [109.046204, -7.219849], [109.04631, -7.219841], [109.046394, -7.219827], [109.046486, -7.21981], [109.04657, -7.219796], [109.046646, -7.2198], [109.046722, -7.219818], [109.046799, -7.219825], [109.046844, -7.219814], [109.046898, -7.219783], [109.046936, -7.219738], [109.046959, -7.21965], [109.046974, -7.219542], [109.046989, -7.219398], [109.046989, -7.219278], [109.046982, -7.219212], [109.046959, -7.219137], [109.046883, -7.21896], [109.046829, -7.218801], [109.046806, -7.218666], [109.046783, -7.218551], [109.046783, -7.218453], [109.046806, -7.218376], [109.046837, -7.218278], [109.046867, -7.218221], [109.046906, -7.218176], [109.046951, -7.218137], [109.04705, -7.218095], [109.047195, -7.218066], [109.047394, -7.218019], [109.047501, -7.217986], [109.047585, -7.217957], [109.04763, -7.217933], [109.047653, -7.217891], [109.047653, -7.217831], [109.04763, -7.217702], [109.047615, -7.217499], [109.047623, -7.217417], [109.04763, -7.217353], [109.047668, -7.217207], [109.047737, -7.216969], [109.047737, -7.216876], [109.047729, -7.216807], [109.047699, -7.216736], [109.0476, -7.216637], [109.047501, -7.216555], [109.047356, -7.21649], [109.047226, -7.216444], [109.047142, -7.216424], [109.047096, -7.216402], [109.047066, -7.216358], [109.047058, -7.216318], [109.047081, -7.216282], [109.047134, -7.216271], [109.047211, -7.216285], [109.047325, -7.216293], [109.047424, -7.216293], [109.047554, -7.216293], [109.047638, -7.216285], [109.047707, -7.216265], [109.047752, -7.216219], [109.047783, -7.216184], [109.047806, -7.216111], [109.047836, -7.216024], [109.047874, -7.21588], [109.047897, -7.215806], [109.047958, -7.215728], [109.048019, -7.215652], [109.048073, -7.215611], [109.048103, -7.215566], [109.048149, -7.215493], [109.048203, -7.215407], [109.048248, -7.215369], [109.048279, -7.215319], [109.04834, -7.215263], [109.048409, -7.215221], [109.048462, -7.215198], [109.048546, -7.215189], [109.048645, -7.215198], [109.048737, -7.215205], [109.048798, -7.215187], [109.048897, -7.215136], [109.049034, -7.215052], [109.049187, -7.214943], [109.049385, -7.214824], [109.049538, -7.214751], [109.049591, -7.214715], [109.049629, -7.214667], [109.04966, -7.214607], [109.049644, -7.214552], [109.049614, -7.214525], [109.049538, -7.214514], [109.049446, -7.214503], [109.049286, -7.214468], [109.049194, -7.214435], [109.049118, -7.214404], [109.049072, -7.214364], [109.049034, -7.214317], [109.049004, -7.214275], [109.049011, -7.21424], [109.049026, -7.214176], [109.04921, -7.213525], [109.049248, -7.213361], [109.04924, -7.213266], [109.049232, -7.213211], [109.049194, -7.213164], [109.049126, -7.213089], [109.049026, -7.212998], [109.048981, -7.21293], [109.048958, -7.212879], [109.048943, -7.21282], [109.048958, -7.212751], [109.049103, -7.212321], [109.049164, -7.212122], [109.049179, -7.212047], [109.049164, -7.211956], [109.049133, -7.211791], [109.049118, -7.211711], [109.049133, -7.211647], [109.049156, -7.2116], [109.049194, -7.211563], [109.049393, -7.211505], [109.049614, -7.211443], [109.049721, -7.211423], [109.049812, -7.21141], [109.049866, -7.211394], [109.049904, -7.211366], [109.049934, -7.21133], [109.050018, -7.211239], [109.05014, -7.211117], [109.050232, -7.211053], [109.050323, -7.210965], [109.050392, -7.210903], [109.050476, -7.210803], [109.050545, -7.210701], [109.050613, -7.210608], [109.050682, -7.210557], [109.050751, -7.210501], [109.050812, -7.210443], [109.050865, -7.21039], [109.050903, -7.21033], [109.050934, -7.210244], [109.050957, -7.210144], [109.050987, -7.210033], [109.051018, -7.209963], [109.051025, -7.209908], [109.051033, -7.209808], [109.051025, -7.209713], [109.05101, -7.209568], [109.051025, -7.209402], [109.051033, -7.209307], [109.051041, -7.209234], [109.051025, -7.209159], [109.051003, -7.209066], [109.050995, -7.208969], [109.050972, -7.208836], [109.050972, -7.208703], [109.051003, -7.208641], [109.051048, -7.208561], [109.051086, -7.208455], [109.051109, -7.208368], [109.051102, -7.208233], [109.051109, -7.20805], [109.05114, -7.2079], [109.051163, -7.207689], [109.051178, -7.207641], [109.051201, -7.207621], [109.051239, -7.207623], [109.051262, -7.207667], [109.0513, -7.207714], [109.051369, -7.207758], [109.051422, -7.207765], [109.051491, -7.207747], [109.051605, -7.207674], [109.051697, -7.207588], [109.051758, -7.207537], [109.051811, -7.207491], [109.051857, -7.207487], [109.051895, -7.207515], [109.051926, -7.207568], [109.051956, -7.207683], [109.05201, -7.207871], [109.052048, -7.208026], [109.052094, -7.208167], [109.052155, -7.208328], [109.0522, -7.208435], [109.052261, -7.208472], [109.052322, -7.208485], [109.052376, -7.208472], [109.052437, -7.208448], [109.05249, -7.20841], [109.052597, -7.208297], [109.052803, -7.208055], [109.052917, -7.207909], [109.052979, -7.207809], [109.053009, -7.207719], [109.053024, -7.207637], [109.053001, -7.207571], [109.052971, -7.207458], [109.052933, -7.207369], [109.052933, -7.207283], [109.052963, -7.207228], [109.053017, -7.207155], [109.053207, -7.206992], [109.053329, -7.206872], [109.053474, -7.206751], [109.053566, -7.206656], [109.053642, -7.206583], [109.053711, -7.2065], [109.053764, -7.206433], [109.053787, -7.206381], [109.053833, -7.206267], [109.053879, -7.206099], [109.05394, -7.205896], [109.054001, -7.205724], [109.054077, -7.205506], [109.054115, -7.20544], [109.054161, -7.205396], [109.054222, -7.205376], [109.054298, -7.205373], [109.054405, -7.205387], [109.054512, -7.205411], [109.054626, -7.205426], [109.054718, -7.205453], [109.054825, -7.205473], [109.054916, -7.205484], [109.054993, -7.205494], [109.055084, -7.205483], [109.055168, -7.205474], [109.055252, -7.20547], [109.055321, -7.205485], [109.055412, -7.205508], [109.055481, -7.205532], [109.055573, -7.205563], [109.055656, -7.205591], [109.05574, -7.205609], [109.055847, -7.205638], [109.055954, -7.205653], [109.056084, -7.205675], [109.056206, -7.205697], [109.056328, -7.205715], [109.056412, -7.205717], [109.05648, -7.205706], [109.056534, -7.205673], [109.056549, -7.205625], [109.056587, -7.205455], [109.056656, -7.205171], [109.056694, -7.205019], [109.056732, -7.204961], [109.056786, -7.204919], [109.056847, -7.204899], [109.056938, -7.204904], [109.057243, -7.204975], [109.057762, -7.205061], [109.058144, -7.205134], [109.058273, -7.205169], [109.05838, -7.205213], [109.058533, -7.205277], [109.05864, -7.205326], [109.058807, -7.205414], [109.058876, -7.205451], [109.058929, -7.205486], [109.058998, -7.205515], [109.059067, -7.205523], [109.059158, -7.205523], [109.059265, -7.205504], [109.059387, -7.205469], [109.059608, -7.205398], [109.060135, -7.205225], [109.060539, -7.205091], [109.060715, -7.205045], [109.060966, -7.204984], [109.061188, -7.204922], [109.061386, -7.204866], [109.061523, -7.204818], [109.061661, -7.204784], [109.06179, -7.204762], [109.06192, -7.204744], [109.062057, -7.204738], [109.06221, -7.204736], [109.062401, -7.204737], [109.062614, -7.204746], [109.06282, -7.204749], [109.063026, -7.204749], [109.063133, -7.204759], [109.063232, -7.204782], [109.063324, -7.204807], [109.063416, -7.204816], [109.063568, -7.204814], [109.063652, -7.204812], [109.063713, -7.204823], [109.063751, -7.204852], [109.063774, -7.204901], [109.063812, -7.204966], [109.063835, -7.205037], [109.063858, -7.205122], [109.063889, -7.205184], [109.063919, -7.205234], [109.063965, -7.205278], [109.064034, -7.205326], [109.064102, -7.205392], [109.064171, -7.205474], [109.064262, -7.205627], [109.064369, -7.205774], [109.064461, -7.205895], [109.064499, -7.20596], [109.064522, -7.206046], [109.064583, -7.206212], [109.064621, -7.206339], [109.064644, -7.206415], [109.064659, -7.206459], [109.064674, -7.206491], [109.064713, -7.206535], [109.064919, -7.206725], [109.065094, -7.206879], [109.065269, -7.207055], [109.065407, -7.207211], [109.065521, -7.207334], [109.065552, -7.20737], [109.065582, -7.20742], [109.065628, -7.207458], [109.065689, -7.207487], [109.065773, -7.207527], [109.065903, -7.207586], [109.06601, -7.207637], [109.066078, -7.20767], [109.066154, -7.207698], [109.066254, -7.20774], [109.066338, -7.20777], [109.066429, -7.2078], [109.066521, -7.207819], [109.066597, -7.207833], [109.066658, -7.207845], [109.066711, -7.20785], [109.066772, -7.207853], [109.066833, -7.207839], [109.066895, -7.207808], [109.066948, -7.207772], [109.067017, -7.207748], [109.067055, -7.207738], [109.067131, -7.207736], [109.067192, -7.207737], [109.067245, -7.207755], [109.067314, -7.207789], [109.067368, -7.207819], [109.067436, -7.207868], [109.067497, -7.207932], [109.067596, -7.208036], [109.067696, -7.20812], [109.06778, -7.20819], [109.067894, -7.208267], [109.068047, -7.208376], [109.068161, -7.208438], [109.068275, -7.208468], [109.068436, -7.208488], [109.068542, -7.208505], [109.068703, -7.208535], [109.068855, -7.208564], [109.068962, -7.20857], [109.069023, -7.208574], [109.069115, -7.208575], [109.069183, -7.208589], [109.069267, -7.208618], [109.069298, -7.20864], [109.069359, -7.208671], [109.069435, -7.208704], [109.069504, -7.208714], [109.069588, -7.208713], [109.069717, -7.208718], [109.069801, -7.208717], [109.069878, -7.208723], [109.069954, -7.20873], [109.07003, -7.208735], [109.070091, -7.208749], [109.07016, -7.208771], [109.070236, -7.208804], [109.07029, -7.20884], [109.070351, -7.208904], [109.070503, -7.209072], [109.07058, -7.209163], [109.070641, -7.20921], [109.070694, -7.209232], [109.07077, -7.209242], [109.070869, -7.209244], [109.071075, -7.209239], [109.071747, -7.209212], [109.071938, -7.209202], [109.072014, -7.209205], [109.072067, -7.209209], [109.072113, -7.209221], [109.072151, -7.209249], [109.072182, -7.209272], [109.07222, -7.209289], [109.072273, -7.209296], [109.07235, -7.2093], [109.072433, -7.209302], [109.072548, -7.209288], [109.072617, -7.209263], [109.072754, -7.209196], [109.072891, -7.20913], [109.072983, -7.20909], [109.073074, -7.209059], [109.073151, -7.20904], [109.073212, -7.209045], [109.073303, -7.209052], [109.073486, -7.209064], [109.073608, -7.209063], [109.073692, -7.209057], [109.073761, -7.209044], [109.073814, -7.209025], [109.07386, -7.208994], [109.073914, -7.208955], [109.073975, -7.208919], [109.074081, -7.208871], [109.074181, -7.20882], [109.07431, -7.208747], [109.074471, -7.208653], [109.074669, -7.208554], [109.074776, -7.2085], [109.07486, -7.20847], [109.074921, -7.208454], [109.075005, -7.208435], [109.075096, -7.208433], [109.075188, -7.20843], [109.075294, -7.208422], [109.075356, -7.208414], [109.075424, -7.208389], [109.075493, -7.208351], [109.075562, -7.208308], [109.075623, -7.208261], [109.075668, -7.208219], [109.075691, -7.208177], [109.075714, -7.208133], [109.075745, -7.20806], [109.075775, -7.20801], [109.075813, -7.207983], [109.075859, -7.207961], [109.075905, -7.207965], [109.075958, -7.207981], [109.076057, -7.208044], [109.076134, -7.208106], [109.076202, -7.208169], [109.076256, -7.208212], [109.076286, -7.208247], [109.07634, -7.208281], [109.076385, -7.208295], [109.076439, -7.208298], [109.076508, -7.208289], [109.076607, -7.208251], [109.076645, -7.208238], [109.076706, -7.208244], [109.076744, -7.208267], [109.076759, -7.208313], [109.076782, -7.208402], [109.076797, -7.208512], [109.07682, -7.208609], [109.076843, -7.208692], [109.076881, -7.208769], [109.076935, -7.208837], [109.076988, -7.208898], [109.077042, -7.208946], [109.077087, -7.208967], [109.077171, -7.209004], [109.077232, -7.209018], [109.077316, -7.209022], [109.077454, -7.209005], [109.077576, -7.208999], [109.077644, -7.209008], [109.077728, -7.209029], [109.07782, -7.209063], [109.077911, -7.209093], [109.078003, -7.209116], [109.078117, -7.209122], [109.078522, -7.209092], [109.078636, -7.209083], [109.078697, -7.209071], [109.078735, -7.209054], [109.078766, -7.20903], [109.078796, -7.208997], [109.078804, -7.208944], [109.078812, -7.208871], [109.078804, -7.20881], [109.078796, -7.208753], [109.078781, -7.208694], [109.078766, -7.208648], [109.078751, -7.2086], [109.078751, -7.208546], [109.078751, -7.208515], [109.078766, -7.208458], [109.078789, -7.208428], [109.078819, -7.208416], [109.07885, -7.20841], [109.078873, -7.20843], [109.078888, -7.208473], [109.078896, -7.208556], [109.078911, -7.208634], [109.078918, -7.208673], [109.078941, -7.208719], [109.078957, -7.208774], [109.078979, -7.208821], [109.079002, -7.208894], [109.079033, -7.208937], [109.079079, -7.208986], [109.079147, -7.209038], [109.079216, -7.209074], [109.079285, -7.209087], [109.079338, -7.209089], [109.079384, -7.209085], [109.079437, -7.209081], [109.079475, -7.209081], [109.079521, -7.209087], [109.079575, -7.209107], [109.079636, -7.209133], [109.079697, -7.209162], [109.079742, -7.209191], [109.079773, -7.209218], [109.079796, -7.209256], [109.079826, -7.209323], [109.079849, -7.209382], [109.079872, -7.209422], [109.079895, -7.209504], [109.079956, -7.209682], [109.079994, -7.209805], [109.080009, -7.209877], [109.080025, -7.209948], [109.080025, -7.210014], [109.08004, -7.210072], [109.080055, -7.210125], [109.080086, -7.210185], [109.080154, -7.210285], [109.080223, -7.210379], [109.080276, -7.210443], [109.08033, -7.210498], [109.080383, -7.210543], [109.080437, -7.210584], [109.080467, -7.210602], [109.080536, -7.210615], [109.080605, -7.210615], [109.080673, -7.210604], [109.080734, -7.210588], [109.080803, -7.210562], [109.080872, -7.210541], [109.080948, -7.210523], [109.081039, -7.210509], [109.081131, -7.210502], [109.081192, -7.210504], [109.081245, -7.210509], [109.081329, -7.210514], [109.081375, -7.210506], [109.081444, -7.210496], [109.081528, -7.210481], [109.081642, -7.210442], [109.081741, -7.210413], [109.081848, -7.210384], [109.081985, -7.210365], [109.082115, -7.210354], [109.082214, -7.210336], [109.082314, -7.21033], [109.082405, -7.210332], [109.082481, -7.210336], [109.082558, -7.210336], [109.082634, -7.21033], [109.082733, -7.210312], [109.08284, -7.210305], [109.082939, -7.210305], [109.083008, -7.210316], [109.083076, -7.210325], [109.083115, -7.210325], [109.08316, -7.210325], [109.083237, -7.210316], [109.083328, -7.210294], [109.08342, -7.210264], [109.083511, -7.21022], [109.083565, -7.210189], [109.083603, -7.21016], [109.083679, -7.210097], [109.083733, -7.210066], [109.083794, -7.210048], [109.083855, -7.210039], [109.083916, -7.210037], [109.083977, -7.210042], [109.084068, -7.21007], [109.084122, -7.210095], [109.084206, -7.210134], [109.084259, -7.210175], [109.08432, -7.210227], [109.084373, -7.210288], [109.084419, -7.21033], [109.084473, -7.210372], [109.084541, -7.210403], [109.08461, -7.210418], [109.084663, -7.210418], [109.084724, -7.210394], [109.084755, -7.210363], [109.084801, -7.210268], [109.0849, -7.210083], [109.084976, -7.209936], [109.085052, -7.209784], [109.085106, -7.209689], [109.085167, -7.209586], [109.085327, -7.209371], [109.085403, -7.209285], [109.085487, -7.209243], [109.085579, -7.20921], [109.08567, -7.209182], [109.085785, -7.209177], [109.085861, -7.209177], [109.08596, -7.209198], [109.086143, -7.209233], [109.086426, -7.209294], [109.086517, -7.209327], [109.086617, -7.209373], [109.086662, -7.2094], [109.086678, -7.209437], [109.086693, -7.209507], [109.086685, -7.209602], [109.086678, -7.209677], [109.086678, -7.209763], [109.086678, -7.209831], [109.0867, -7.209891], [109.086723, -7.209931], [109.086754, -7.209961], [109.086807, -7.209985], [109.086975, -7.210054], [109.087082, -7.210102], [109.087158, -7.210144], [109.087234, -7.21018], [109.087311, -7.210206], [109.08741, -7.210239], [109.087517, -7.210256], [109.087608, -7.210272], [109.087692, -7.210281], [109.087769, -7.210296], [109.087845, -7.210307], [109.087891, -7.210321], [109.087944, -7.210354], [109.088028, -7.210406], [109.088318, -7.210586], [109.088417, -7.210643], [109.08847, -7.210674], [109.088509, -7.210712], [109.088554, -7.210769], [109.088593, -7.210828], [109.088631, -7.210894], [109.088676, -7.210994], [109.088707, -7.211079], [109.088737, -7.211164], [109.088753, -7.211234], [109.088768, -7.211284], [109.088776, -7.211304], [109.088814, -7.211315], [109.088852, -7.211322], [109.088913, -7.21134], [109.08902, -7.211361], [109.089127, -7.211416], [109.089264, -7.2115], [109.089378, -7.21156], [109.089508, -7.21161], [109.089592, -7.211659], [109.089737, -7.211736], [109.089836, -7.2118], [109.089928, -7.211851], [109.089996, -7.211894], [109.090073, -7.211926], [109.090134, -7.211946], [109.090225, -7.211957], [109.090324, -7.211968], [109.090431, -7.211968], [109.09053, -7.211967], [109.090607, -7.211968], [109.09066, -7.211981], [109.090729, -7.212021], [109.090851, -7.212115], [109.091141, -7.212318], [109.091286, -7.212428], [109.091393, -7.212514], [109.091492, -7.212604], [109.091576, -7.212691], [109.09166, -7.212801], [109.091698, -7.212867], [109.091728, -7.212924], [109.091766, -7.212991], [109.091797, -7.213037], [109.091843, -7.213092], [109.091904, -7.21316], [109.091965, -7.213213], [109.092033, -7.213286], [109.092087, -7.213359], [109.092155, -7.21344], [109.092239, -7.213559], [109.092293, -7.213624], [109.092346, -7.213696], [109.0924, -7.213773], [109.092453, -7.213855], [109.092491, -7.213902], [109.092575, -7.213989], [109.092621, -7.214062], [109.092659, -7.214138], [109.09269, -7.214219], [109.09272, -7.214306], [109.092743, -7.214392], [109.092758, -7.214449], [109.092789, -7.214494], [109.092842, -7.214518], [109.092934, -7.214525], [109.09301, -7.214527], [109.093102, -7.214515], [109.093193, -7.21452], [109.093269, -7.214549], [109.093346, -7.214581], [109.093422, -7.214615], [109.093468, -7.21465], [109.093513, -7.214667], [109.093575, -7.214667], [109.093651, -7.214655], [109.093727, -7.214664], [109.093803, -7.214691], [109.093864, -7.214716], [109.09391, -7.214738], [109.093979, -7.214752], [109.094048, -7.214764], [109.094139, -7.214778], [109.094223, -7.214776], [109.094299, -7.214771], [109.09436, -7.214783], [109.094421, -7.214811], [109.094498, -7.214845], [109.094566, -7.214883], [109.094627, -7.214911], [109.094711, -7.214932], [109.09478, -7.214942], [109.094833, -7.214963], [109.094894, -7.214994], [109.094948, -7.215025], [109.094994, -7.21506], [109.095039, -7.215113], [109.095078, -7.215146], [109.095131, -7.215169], [109.095184, -7.215189], [109.095245, -7.21519], [109.095306, -7.215188], [109.09536, -7.215179], [109.095436, -7.215179], [109.095505, -7.215188], [109.095558, -7.215207], [109.095619, -7.215231], [109.095673, -7.21525], [109.095734, -7.215276], [109.095787, -7.215302], [109.095848, -7.215349], [109.095901, -7.215395], [109.095963, -7.21544], [109.096031, -7.215504], [109.096138, -7.215615], [109.096214, -7.215698], [109.096313, -7.215779], [109.096359, -7.215836], [109.09639, -7.215885], [109.096428, -7.215956], [109.096458, -7.216013], [109.096489, -7.216056], [109.096535, -7.216096], [109.096596, -7.216134], [109.096687, -7.216162], [109.096779, -7.216193], [109.096878, -7.216233], [109.097038, -7.216304], [109.097214, -7.216396], [109.097359, -7.216489], [109.097466, -7.216576], [109.097603, -7.216682], [109.097763, -7.216765], [109.097939, -7.216853], [109.098068, -7.216919], [109.098145, -7.216966], [109.098213, -7.217028], [109.098289, -7.217087], [109.098358, -7.217124], [109.098419, -7.217141], [109.098511, -7.217146], [109.098587, -7.217153], [109.09864, -7.217167], [109.098717, -7.217203], [109.098793, -7.217244], [109.098885, -7.217289], [109.098946, -7.217318], [109.099022, -7.21733], [109.099098, -7.217349], [109.099174, -7.217384], [109.099251, -7.217412], [109.09935, -7.217443], [109.099419, -7.217462], [109.099525, -7.217476], [109.099594, -7.217493], [109.099663, -7.217516], [109.099709, -7.217559], [109.099777, -7.217616], [109.099854, -7.217658], [109.099922, -7.217691], [109.100006, -7.217717], [109.100082, -7.217724], [109.100166, -7.21772], [109.10025, -7.2177], [109.100319, -7.217684], [109.10038, -7.217674], [109.100433, -7.217691], [109.100471, -7.217743], [109.100471, -7.217814], [109.100471, -7.217913], [109.100479, -7.218], [109.100502, -7.218045], [109.100533, -7.218081], [109.100594, -7.218136], [109.100662, -7.21819], [109.100731, -7.218263], [109.100777, -7.218327], [109.100807, -7.218402], [109.100845, -7.218478], [109.100891, -7.218549], [109.100922, -7.218603], [109.10096, -7.218662], [109.101013, -7.218724], [109.101089, -7.218788], [109.101143, -7.218842], [109.101181, -7.218908], [109.101227, -7.218965], [109.101273, -7.219012], [109.101357, -7.219066], [109.10144, -7.219128], [109.101547, -7.219189], [109.101646, -7.219229], [109.101723, -7.219269], [109.101807, -7.219309], [109.101852, -7.219335], [109.101913, -7.219373], [109.102036, -7.219439], [109.102219, -7.219541], [109.102592, -7.219731], [109.102692, -7.219779], [109.102722, -7.219811], [109.102745, -7.219875], [109.102791, -7.220043], [109.102798, -7.220078], [109.102821, -7.220104], [109.102859, -7.220089], [109.102898, -7.220042], [109.102974, -7.21995], [109.103096, -7.219847], [109.10334, -7.219637], [109.103813, -7.219244], [109.103966, -7.21914], [109.104042, -7.219083], [109.104088, -7.219022], [109.104141, -7.218963], [109.104179, -7.218928], [109.104233, -7.218912], [109.104347, -7.218897], [109.104553, -7.218879], [109.104637, -7.218881], [109.104691, -7.218893], [109.104759, -7.218921], [109.104874, -7.218951], [109.105019, -7.218961], [109.105164, -7.218951], [109.105171, -7.218949], [109.105293, -7.21893], [109.105347, -7.218945], [109.105385, -7.218975], [109.105385, -7.219043], [109.105385, -7.219097], [109.105415, -7.219165], [109.105446, -7.219198], [109.105492, -7.219219], [109.105537, -7.219208], [109.105659, -7.219153], [109.105743, -7.219144], [109.105827, -7.219146], [109.105873, -7.219179], [109.105904, -7.219243], [109.105911, -7.219302], [109.105942, -7.21933], [109.10598, -7.219346], [109.106018, -7.219339], [109.106071, -7.219297], [109.106163, -7.219207], [109.106247, -7.219144], [109.106323, -7.219123], [109.1064, -7.219113], [109.106453, -7.219111], [109.106514, -7.219128], [109.106544, -7.219167], [109.106567, -7.219235], [109.106575, -7.219356], [109.106583, -7.219494], [109.106567, -7.219691], [109.106567, -7.219884], [109.106567, -7.220056], [109.10659, -7.220203], [109.106583, -7.220295], [109.106567, -7.220347], [109.106483, -7.220446], [109.106308, -7.220601], [109.106247, -7.220652], [109.106224, -7.220678], [109.106201, -7.22075], [109.10611, -7.221184], [109.106087, -7.221245], [109.106094, -7.221288], [109.106148, -7.221311], [109.106224, -7.221344], [109.106285, -7.221374], [109.106339, -7.22145], [109.106377, -7.221579], [109.10643, -7.221708], [109.106483, -7.221829], [109.106514, -7.221928], [109.106522, -7.222017], [109.106522, -7.222108], [109.106514, -7.222176], [109.106491, -7.222239], [109.106438, -7.222317], [109.106369, -7.222384], [109.10627, -7.222457], [109.106224, -7.222513], [109.106209, -7.222567], [109.106232, -7.222647], [109.106262, -7.22272], [109.106407, -7.222975], [109.106499, -7.223169], [109.106529, -7.223242], [109.106552, -7.223317], [109.10659, -7.223382], [109.106628, -7.223426], [109.106682, -7.223429], [109.106766, -7.223405], [109.106865, -7.223359], [109.106926, -7.223337], [109.106972, -7.223344], [109.107018, -7.223382], [109.107063, -7.223464], [109.107124, -7.223556], [109.107185, -7.223697], [109.107239, -7.223767], [109.107307, -7.223842], [109.107407, -7.223933], [109.107475, -7.224015], [109.107597, -7.224209], [109.107704, -7.224405], [109.107742, -7.224459], [109.107788, -7.224501], [109.107864, -7.224547], [109.108002, -7.224655], [109.108093, -7.224732], [109.108162, -7.224812], [109.108215, -7.224879], [109.108246, -7.224966], [109.108299, -7.225112], [109.108345, -7.225269], [109.108383, -7.225446], [109.108414, -7.225598], [109.108437, -7.225743], [109.108437, -7.22585], [109.108437, -7.226039], [109.108421, -7.226206], [109.108391, -7.226339], [109.108353, -7.226481], [109.108315, -7.226605], [109.108292, -7.226736], [109.108269, -7.226864], [109.108246, -7.22703], [109.108223, -7.2272], [109.108223, -7.227293], [109.108223, -7.227431], [109.108246, -7.227601], [109.108284, -7.227894], [109.108299, -7.228207], [109.108307, -7.228506], [109.108315, -7.228727], [109.108315, -7.228907], [109.108307, -7.22908], [109.108284, -7.229206], [109.108276, -7.229346], [109.108269, -7.229423], [109.108276, -7.229498], [109.108307, -7.229558], [109.10836, -7.229635], [109.108437, -7.229719], [109.108604, -7.229906], [109.108749, -7.230093], [109.108826, -7.230201], [109.108879, -7.230278], [109.108917, -7.230355], [109.108955, -7.230429], [109.108986, -7.230504], [109.109009, -7.230597], [109.109024, -7.230704], [109.109039, -7.230783], [109.10907, -7.230875], [109.109138, -7.231149], [109.109238, -7.231473], [109.109337, -7.231814], [109.109413, -7.232149], [109.109451, -7.232347], [109.109467, -7.232431], [109.109489, -7.23248], [109.109512, -7.232503], [109.109604, -7.23252], [109.109871, -7.232559], [109.110161, -7.232584], [109.110344, -7.232592], [109.110497, -7.232571], [109.110641, -7.232557], [109.110779, -7.232557], [109.110886, -7.232576], [109.111008, -7.232611], [109.111122, -7.232657], [109.111214, -7.232699], [109.111282, -7.232725], [109.111382, -7.232743], [109.111511, -7.232746], [109.111679, -7.23275], [109.111931, -7.232755], [109.112106, -7.232766], [109.112282, -7.232769], [109.11248, -7.23275], [109.112755, -7.232729], [109.113197, -7.232694], [109.113579, -7.232652], [109.113815, -7.232635], [109.114021, -7.232631], [109.114197, -7.232633], [109.114426, -7.232642], [109.114616, -7.232667], [109.114769, -7.232684], [109.114937, -7.23269], [109.115074, -7.232672], [109.11525, -7.232651], [109.115433, -7.232618], [109.11554, -7.232588], [109.115593, -7.232595], [109.115639, -7.232625], [109.115685, -7.232686], [109.115715, -7.232728], [109.115784, -7.232832], [109.115875, -7.232979], [109.115929, -7.23306], [109.11599, -7.233146], [109.116051, -7.233274], [109.116119, -7.233421], [109.116165, -7.233535], [109.116211, -7.23363], [109.116257, -7.233718], [109.116318, -7.233793], [109.116386, -7.233856], [109.116447, -7.233897], [109.116524, -7.233937], [109.116608, -7.233963], [109.116699, -7.233995], [109.116814, -7.23403], [109.116867, -7.234056], [109.116913, -7.234086], [109.116951, -7.234144], [109.116982, -7.234263], [109.117004, -7.234372], [109.117012, -7.234523], [109.117012, -7.234628], [109.117004, -7.234788], [109.117012, -7.234916], [109.117027, -7.235086], [109.117043, -7.235244], [109.117058, -7.235384], [109.117073, -7.235453], [109.117111, -7.235574], [109.117134, -7.235683], [109.117157, -7.235755], [109.117165, -7.235838], [109.117157, -7.235934], [109.117149, -7.236045], [109.117134, -7.236145], [109.117119, -7.236229], [109.117119, -7.236308], [109.117119, -7.236401], [109.117119, -7.23654], [109.117111, -7.236673], [109.117119, -7.236784], [109.117142, -7.236894], [109.117165, -7.236968], [109.117203, -7.237026], [109.117264, -7.237084], [109.117317, -7.237101], [109.117363, -7.237093], [109.117424, -7.237063], [109.117546, -7.237], [109.117676, -7.236947], [109.11779, -7.236912], [109.117943, -7.236868], [109.118164, -7.236816], [109.1185, -7.236749], [109.118767, -7.236684], [109.118896, -7.236665], [109.11898, -7.236659], [109.11908, -7.23667], [109.119133, -7.236707], [109.119156, -7.236774], [109.119164, -7.236849], [109.119164, -7.236986], [109.119156, -7.237155], [109.119171, -7.237277], [109.119202, -7.23746], [109.119263, -7.237709], [109.119308, -7.237872], [109.119331, -7.238016], [109.119347, -7.238178], [109.119362, -7.238301], [109.11937, -7.238429], [109.119377, -7.238585], [109.119377, -7.238729], [109.119377, -7.23884], [109.119377, -7.238892], [109.119392, -7.238946], [109.119423, -7.239002], [109.119476, -7.239088], [109.119576, -7.23919], [109.119675, -7.239292], [109.119827, -7.239439], [109.119957, -7.23955], [109.120064, -7.239633], [109.120178, -7.239707], [109.120285, -7.239761], [109.120407, -7.239812], [109.12056, -7.239858], [109.120743, -7.239927], [109.120827, -7.239957], [109.120956, -7.239983], [109.121086, -7.240013], [109.121216, -7.240032], [109.121277, -7.24005], [109.121346, -7.24008], [109.121399, -7.24012], [109.12149, -7.240204], [109.121658, -7.240374], [109.12178, -7.240496], [109.121864, -7.240601], [109.121964, -7.240724], [109.12204, -7.240826], [109.122108, -7.240911], [109.122177, -7.240978], [109.122238, -7.241041], [109.12233, -7.241117], [109.122421, -7.241199], [109.122528, -7.24128], [109.122574, -7.24131], [109.122643, -7.241356], [109.122726, -7.24141], [109.122856, -7.241477], [109.123001, -7.241542], [109.123161, -7.241613], [109.123283, -7.241655], [109.123421, -7.241699], [109.123566, -7.241734], [109.123749, -7.24178], [109.123871, -7.241803], [109.124062, -7.241815], [109.124359, -7.24184], [109.124603, -7.241861], [109.124908, -7.241889], [109.125145, -7.24191], [109.125374, -7.241944], [109.125626, -7.241993], [109.125778, -7.242025], [109.125908, -7.242053], [109.125977, -7.242081], [109.126038, -7.24212], [109.126091, -7.242167], [109.126122, -7.242206], [109.126129, -7.24228], [109.126137, -7.242386], [109.126144, -7.24247], [109.126167, -7.242518], [109.126198, -7.242544], [109.126236, -7.242547], [109.126434, -7.242509], [109.126923, -7.242409], [109.127335, -7.242337], [109.127434, -7.242323], [109.12748, -7.242328], [109.127518, -7.242349], [109.127541, -7.2424], [109.127541, -7.242483], [109.127533, -7.242587], [109.12751, -7.242671], [109.127487, -7.242738], [109.12748, -7.2428], [109.127472, -7.242858], [109.127495, -7.242918], [109.127533, -7.242971], [109.127586, -7.243027], [109.127632, -7.243086], [109.127716, -7.243169], [109.127808, -7.243234], [109.127922, -7.243308], [109.128052, -7.243363], [109.128166, -7.243419], [109.128235, -7.243461], [109.128319, -7.243514], [109.12841, -7.243581], [109.128517, -7.243683], [109.128601, -7.243755], [109.128738, -7.243868], [109.129005, -7.24404], [109.129189, -7.244143], [109.129349, -7.24425], [109.129539, -7.244382], [109.129745, -7.244528], [109.129913, -7.244676], [109.130074, -7.244794], [109.130272, -7.244972], [109.130486, -7.245164], [109.130653, -7.245322], [109.130745, -7.245401], [109.130852, -7.245492], [109.130943, -7.245582], [109.13102, -7.245663], [109.131088, -7.245726], [109.131172, -7.245807], [109.131226, -7.245839], [109.131264, -7.245848], [109.131287, -7.245837], [109.131302, -7.245811], [109.131287, -7.245762], [109.131226, -7.245626], [109.131065, -7.245316], [109.13092, -7.244968], [109.130737, -7.244497], [109.130608, -7.244196], [109.130547, -7.244039], [109.130516, -7.243923], [109.130508, -7.243831], [109.130524, -7.243741], [109.130547, -7.24365], [109.1306, -7.243539], [109.13073, -7.24322], [109.130859, -7.242864], [109.13089, -7.242702], [109.13089, -7.242584], [109.130867, -7.242543], [109.130836, -7.242489], [109.130722, -7.242397], [109.130417, -7.242191], [109.130241, -7.242044], [109.130013, -7.241855], [109.129883, -7.241751], [109.129845, -7.241698], [109.129814, -7.241635], [109.129776, -7.241506], [109.129753, -7.241374], [109.129723, -7.241323], [109.129662, -7.241265], [109.129608, -7.24121], [109.129524, -7.24117], [109.129089, -7.241005], [109.128693, -7.240843], [109.128563, -7.240757], [109.128281, -7.240565], [109.127907, -7.240302], [109.127625, -7.2401], [109.127571, -7.240075], [109.127457, -7.240043], [109.127281, -7.240008], [109.126961, -7.239966], [109.12661, -7.239905], [109.126427, -7.239866], [109.126259, -7.239836], [109.126167, -7.239829], [109.126114, -7.239813], [109.126053, -7.23978], [109.125992, -7.239725], [109.125946, -7.239651], [109.125854, -7.239427], [109.125755, -7.239155], [109.125595, -7.238662], [109.125404, -7.238127], [109.125328, -7.237847], [109.125305, -7.237722], [109.125313, -7.237636], [109.125343, -7.237509], [109.125412, -7.237338], [109.12545, -7.237226], [109.125458, -7.237168], [109.125435, -7.236932], [109.125404, -7.236664], [109.125381, -7.236576], [109.125336, -7.23646], [109.12529, -7.23634], [109.125267, -7.236224], [109.125259, -7.236143], [109.125275, -7.236032], [109.12532, -7.235883], [109.125366, -7.235739], [109.125412, -7.23566], [109.125458, -7.235598], [109.125519, -7.23556], [109.125641, -7.235521], [109.125748, -7.235468], [109.125809, -7.235424], [109.125832, -7.235384], [109.125839, -7.235331], [109.125809, -7.23515], [109.125778, -7.235018], [109.125725, -7.234887], [109.125648, -7.234794], [109.125534, -7.234696], [109.125381, -7.234592], [109.125282, -7.234511], [109.125198, -7.23443], [109.12513, -7.234372], [109.125038, -7.234304], [109.124901, -7.234226], [109.124756, -7.234142], [109.124611, -7.234058], [109.124352, -7.233957], [109.124176, -7.233896], [109.124039, -7.233861], [109.123833, -7.233827], [109.123734, -7.233804], [109.123581, -7.233778], [109.123451, -7.233739], [109.123344, -7.233702], [109.123245, -7.233644], [109.123154, -7.233581], [109.123016, -7.233483], [109.122696, -7.233229], [109.12249, -7.233053], [109.122261, -7.232902], [109.121925, -7.232693], [109.121574, -7.232505], [109.121315, -7.232389], [109.121017, -7.232269], [109.120552, -7.23209], [109.120369, -7.232034], [109.120209, -7.232004], [109.120041, -7.231975], [109.119904, -7.231965], [109.119781, -7.231915], [109.11972, -7.231865], [109.119705, -7.231779], [109.119705, -7.231597], [109.119698, -7.231332], [109.11972, -7.230978], [109.119759, -7.230736], [109.119812, -7.230655], [109.119888, -7.230583], [109.11998, -7.230501], [109.120056, -7.230418], [109.120193, -7.230289], [109.120384, -7.230142], [109.120506, -7.230011], [109.120628, -7.229876], [109.120728, -7.229815], [109.120811, -7.229797], [109.120895, -7.229801], [109.120972, -7.229838], [109.12104, -7.22992], [109.121147, -7.230001], [109.121216, -7.230048], [109.121315, -7.230078], [109.121368, -7.230042], [109.121429, -7.22997], [109.121452, -7.229889], [109.121429, -7.22979], [109.121361, -7.229705], [109.121223, -7.229602], [109.121147, -7.229571], [109.121109, -7.229517], [109.121071, -7.22945], [109.12104, -7.229402], [109.120949, -7.229362], [109.120834, -7.229295], [109.120758, -7.229249], [109.12072, -7.229213], [109.120697, -7.229126], [109.120682, -7.229046], [109.120697, -7.228941], [109.120766, -7.228814], [109.120918, -7.228594], [109.12114, -7.228287], [109.121399, -7.227914], [109.121468, -7.227827], [109.121536, -7.227769], [109.121666, -7.227696], [109.121902, -7.227599], [109.121994, -7.227552], [109.122055, -7.227493], [109.122131, -7.227402], [109.122223, -7.227294], [109.122276, -7.227174], [109.12233, -7.227053], [109.122368, -7.22697], [109.122421, -7.226938], [109.122467, -7.226929], [109.12252, -7.226945], [109.122581, -7.226999], [109.122643, -7.227075], [109.122704, -7.227144], [109.122787, -7.227192], [109.122864, -7.22722], [109.122963, -7.227238], [109.123047, -7.227241], [109.123123, -7.227205], [109.123161, -7.227153], [109.123177, -7.227064], [109.123154, -7.22701], [109.1231, -7.226946], [109.122993, -7.226854], [109.122902, -7.226731], [109.122803, -7.226539], [109.122734, -7.226326], [109.122581, -7.225837], [109.122475, -7.225467], [109.122444, -7.225327], [109.122421, -7.225208], [109.122437, -7.225005], [109.122482, -7.224673], [109.122536, -7.224424], [109.122581, -7.224323], [109.122696, -7.224265], [109.122864, -7.22422], [109.123047, -7.22422], [109.12326, -7.224253], [109.123459, -7.224275], [109.123619, -7.224293], [109.123711, -7.224312], [109.12384, -7.224344], [109.123924, -7.224349], [109.124039, -7.224349], [109.124092, -7.224339], [109.124107, -7.224303], [109.124107, -7.224253], [109.124077, -7.224214], [109.123978, -7.224169], [109.123825, -7.224092], [109.123436, -7.223948], [109.123108, -7.223826], [109.123062, -7.22377], [109.123032, -7.223694], [109.123039, -7.223642], [109.123077, -7.2236], [109.123146, -7.223587], [109.123283, -7.223584], [109.123573, -7.2236], [109.123787, -7.223629], [109.12397, -7.223677], [109.124046, -7.223693], [109.124161, -7.223696], [109.124268, -7.223709], [109.124382, -7.223747], [109.124474, -7.223775], [109.124557, -7.223787], [109.124619, -7.223818], [109.12468, -7.223852], [109.12471, -7.223947], [109.124733, -7.224073], [109.124763, -7.224194], [109.124794, -7.224241], [109.124832, -7.224261], [109.124901, -7.224241], [109.124985, -7.224168], [109.125038, -7.22414], [109.125099, -7.224125], [109.12516, -7.224139], [109.125252, -7.224199], [109.125351, -7.224271], [109.125465, -7.224324], [109.125595, -7.224361], [109.125694, -7.224402], [109.125816, -7.224444], [109.125946, -7.224476], [109.126099, -7.224515], [109.126213, -7.224551], [109.126312, -7.224589], [109.126411, -7.224635], [109.126488, -7.224677], [109.126595, -7.224712], [109.126709, -7.224751], [109.126831, -7.224768], [109.126968, -7.22478], [109.127075, -7.224772], [109.127174, -7.224748], [109.127289, -7.224721], [109.127422, -7.224698], [109.127554, -7.224662], [109.127633, -7.22458]]}}, {"type": "Feature", "properties": {"KML_FOLDER": "Jalan Provinsi_1", "gx:balloonVisibility": ""}, "geometry": {"type": "LineString", "coordinates": [[109.127633, -7.22458], [109.127831, -7.224254], [109.127864, -7.224204], [109.127899, -7.224153], [109.127914, -7.224081], [109.127907, -7.22396], [109.127892, -7.223798], [109.127846, -7.223373], [109.127701, -7.222478], [109.127609, -7.221609], [109.127502, -7.220313], [109.127388, -7.21905], [109.127296, -7.217984], [109.127258, -7.217556], [109.12722, -7.217263], [109.127197, -7.217176], [109.127167, -7.217082], [109.127129, -7.216977], [109.127037, -7.216821], [109.1269, -7.216627], [109.124977, -7.21325], [109.124916, -7.213042], [109.124954, -7.21275], [109.12532, -7.211784], [109.127007, -7.210801], [109.127159, -7.210722], [109.127243, -7.210679], [109.127327, -7.21066], [109.127441, -7.210668], [109.127853, -7.210826], [109.128387, -7.210965], [109.128708, -7.210964], [109.129013, -7.210768], [109.129105, -7.210567], [109.129074, -7.210347], [109.129059, -7.210169], [109.128853, -7.209929], [109.128654, -7.209696], [109.128616, -7.209489], [109.128578, -7.209349], [109.128479, -7.20929], [109.128387, -7.209293], [109.128212, -7.209334], [109.128029, -7.209254], [109.127686, -7.208895], [109.126953, -7.207812], [109.126099, -7.206333], [109.125816, -7.205216], [109.125992, -7.201964], [109.125992, -7.201224], [109.125999, -7.20061], [109.125946, -7.200222], [109.125778, -7.200085], [109.125626, -7.200035], [109.125191, -7.199979], [109.124893, -7.199897], [109.124779, -7.199749], [109.123573, -7.194654], [109.123474, -7.194398], [109.12336, -7.194274], [109.122566, -7.193652], [109.122513, -7.192783], [109.122566, -7.19258], [109.122673, -7.192509], [109.122833, -7.192483], [109.123077, -7.192454], [109.123199, -7.192382], [109.123299, -7.192249], [109.123283, -7.192165], [109.123169, -7.19206], [109.122871, -7.19206], [109.122498, -7.192019], [109.122398, -7.191907], [109.122406, -7.191767], [109.122429, -7.191684], [109.122643, -7.191584], [109.123032, -7.19145], [109.123352, -7.191241], [109.123466, -7.191058], [109.123505, -7.190888], [109.12336, -7.189322], [109.120865, -7.186158], [109.120628, -7.185715], [109.120575, -7.185032], [109.120583, -7.184654], [109.120682, -7.184599], [109.120964, -7.184557], [109.121033, -7.184403], [109.121086, -7.184268], [109.12117, -7.184137], [109.121155, -7.184031], [109.12101, -7.183984], [109.120857, -7.183924], [109.120667, -7.183725], [109.121445, -7.181279], [109.123047, -7.179078], [109.123306, -7.178341], [109.123726, -7.176947], [109.123924, -7.176569], [109.124374, -7.176151], [109.124519, -7.175953], [109.12455, -7.175817], [109.124481, -7.175652], [109.124329, -7.175402], [109.124329, -7.175231], [109.124451, -7.174778], [109.124496, -7.174411], [109.124512, -7.174057], [109.124535, -7.173407], [109.124641, -7.173297], [109.124794, -7.173215], [109.125053, -7.173222], [109.125191, -7.173265], [109.12542, -7.173345], [109.126396, -7.173668], [109.126526, -7.173663], [109.126656, -7.173609], [109.126747, -7.173521], [109.126793, -7.173314], [109.126877, -7.172311], [109.126953, -7.171607], [109.127014, -7.170527], [109.127045, -7.170421], [109.127228, -7.170135], [109.127472, -7.169959], [109.127563, -7.169927], [109.12767, -7.169904], [109.127815, -7.169896], [109.127922, -7.169869], [109.128021, -7.169833], [109.12822, -7.169789], [109.128311, -7.169816], [109.128395, -7.169871], [109.128471, -7.169943], [109.12854, -7.170025], [109.128601, -7.170098], [109.128654, -7.170179], [109.128731, -7.170243], [109.128792, -7.170324], [109.128868, -7.170397], [109.128952, -7.170479], [109.129044, -7.17056], [109.129128, -7.170642], [109.129204, -7.170724], [109.129288, -7.170805], [109.129356, -7.170906], [109.129433, -7.171005], [109.129501, -7.171096], [109.129562, -7.171186], [109.129631, -7.171277], [109.129692, -7.171359], [109.129753, -7.17145], [109.129814, -7.171522], [109.129944, -7.17164], [109.130089, -7.171713], [109.13018, -7.17175], [109.130295, -7.171786], [109.130402, -7.171814], [109.130524, -7.171851], [109.130646, -7.171887], [109.130768, -7.171924], [109.130882, -7.17196], [109.131012, -7.171997], [109.131126, -7.172034], [109.131256, -7.172071], [109.131378, -7.172107], [109.131508, -7.172144], [109.131638, -7.172181], [109.13176, -7.172208], [109.131889, -7.172245], [109.132004, -7.172281], [109.132126, -7.172318], [109.13224, -7.172346], [109.132347, -7.172382], [109.132454, -7.17241], [109.132568, -7.172437], [109.132675, -7.172465], [109.132774, -7.172502], [109.132874, -7.172529], [109.132965, -7.172547], [109.133133, -7.172603], [109.133232, -7.17263], [109.133362, -7.172667], [109.133507, -7.172703], [109.133652, -7.172749], [109.133789, -7.172786], [109.133919, -7.172804], [109.134048, -7.172823], [109.134163, -7.172823], [109.134285, -7.172824], [109.134399, -7.172824], [109.134514, -7.172816], [109.134628, -7.172816], [109.134735, -7.172817], [109.134842, -7.172817], [109.134956, -7.1728], [109.135056, -7.172773], [109.135147, -7.172719], [109.135239, -7.172665], [109.135323, -7.172593], [109.135414, -7.17253], [109.135506, -7.172458], [109.135605, -7.172378], [109.135704, -7.172306], [109.135818, -7.172225], [109.135918, -7.172143], [109.136017, -7.172071], [109.136108, -7.171991], [109.136208, -7.171919], [109.136299, -7.171847], [109.136391, -7.171775], [109.136482, -7.171712], [109.136559, -7.171649], [109.136642, -7.171586], [109.136795, -7.171469], [109.136948, -7.171388], [109.137085, -7.171344], [109.137238, -7.171298], [109.13736, -7.171285], [109.137398, -7.171273], [109.137405, -7.171363], [109.137428, -7.171444], [109.137497, -7.171589], [109.13752, -7.171689], [109.13755, -7.171807], [109.137558, -7.171915], [109.137566, -7.172033], [109.137573, -7.172141], [109.137581, -7.17225], [109.137596, -7.172359], [109.137627, -7.172458], [109.13765, -7.172548], [109.137726, -7.172711], [109.137817, -7.172856], [109.137871, -7.172938], [109.137917, -7.17302], [109.137955, -7.17311], [109.138, -7.173192], [109.138039, -7.173274], [109.138084, -7.173364], [109.138184, -7.173518], [109.138268, -7.173672], [109.138321, -7.173835], [109.138428, -7.173971], [109.138573, -7.174035], [109.138702, -7.174054], [109.138809, -7.174045], [109.138893, -7.173982], [109.138962, -7.173874], [109.138954, -7.173711], [109.138908, -7.173629], [109.138847, -7.173557], [109.138771, -7.173484], [109.138702, -7.173421], [109.138626, -7.173339], [109.138557, -7.173257], [109.138489, -7.173167], [109.138435, -7.173076], [109.138382, -7.172986], [109.138336, -7.172886], [109.138298, -7.172786], [109.13826, -7.172696], [109.138229, -7.172596], [109.138214, -7.172496], [109.138199, -7.172397], [109.138214, -7.172216], [109.138283, -7.172081], [109.138412, -7.171973], [109.138504, -7.171919], [109.138588, -7.171874], [109.138664, -7.17182], [109.138779, -7.171703], [109.138855, -7.171577], [109.138924, -7.171469], [109.139023, -7.171424], [109.139145, -7.171406], [109.139198, -7.17138], [109.13929, -7.171299], [109.139381, -7.171217], [109.139481, -7.171145], [109.13958, -7.171055], [109.139664, -7.170947], [109.139725, -7.17083], [109.139763, -7.170694], [109.139778, -7.170541], [109.139809, -7.170387], [109.139824, -7.170234], [109.139847, -7.17008], [109.139862, -7.169927], [109.139885, -7.169755], [109.1399, -7.169673], [109.139915, -7.169493], [109.139946, -7.16933], [109.139992, -7.169186], [109.140045, -7.16905], [109.140114, -7.168906], [109.140175, -7.168779], [109.140221, -7.16868], [109.140251, -7.16859], [109.140289, -7.168454], [109.140305, -7.16831], [109.140297, -7.168156], [109.140289, -7.168011], [109.140297, -7.167858], [109.140327, -7.167704], [109.140343, -7.167569], [109.140297, -7.167433], [109.140236, -7.167306], [109.140213, -7.167161], [109.140213, -7.167007], [109.140182, -7.166872], [109.140137, -7.166745], [109.140129, -7.166636], [109.140167, -7.166555], [109.140236, -7.166447], [109.140305, -7.16633], [109.140343, -7.166194], [109.14035, -7.166068], [109.140358, -7.165968], [109.140388, -7.165878], [109.140434, -7.165742], [109.14048, -7.165589], [109.140488, -7.165426], [109.14045, -7.165246], [109.140411, -7.165073], [109.140419, -7.164911], [109.140472, -7.164748], [109.140488, -7.164649], [109.140503, -7.16454], [109.140495, -7.164441], [109.140472, -7.164341], [109.140442, -7.164251], [109.140396, -7.164169], [109.140343, -7.164088], [109.140282, -7.164015], [109.14019, -7.163879], [109.14019, -7.163743], [109.140282, -7.163617], [109.14035, -7.163554], [109.140427, -7.163491], [109.140503, -7.163437], [109.140587, -7.163402], [109.140686, -7.163384], [109.140778, -7.163375], [109.140877, -7.163375], [109.140976, -7.163376], [109.141075, -7.163376], [109.141167, -7.163377], [109.141327, -7.163377], [109.141479, -7.16336], [109.141571, -7.163352], [109.14167, -7.163333], [109.141792, -7.163325], [109.141899, -7.163307], [109.142021, -7.163299], [109.142136, -7.163291], [109.142242, -7.163273], [109.142365, -7.163264], [109.142479, -7.163256], [109.142609, -7.163247], [109.142731, -7.163239], [109.142868, -7.163221], [109.143005, -7.163212], [109.143127, -7.163204], [109.143257, -7.163195], [109.143379, -7.163187], [109.143494, -7.163178], [109.1436, -7.163178], [109.143707, -7.16317], [109.143806, -7.16317], [109.143898, -7.163171], [109.143997, -7.163171], [109.144173, -7.163181], [109.144333, -7.163191], [109.144516, -7.1632], [109.144608, -7.16321], [109.144699, -7.163219], [109.144798, -7.163229], [109.14489, -7.163238], [109.144989, -7.163248], [109.145088, -7.163257], [109.145279, -7.163285], [109.145439, -7.163312], [109.145569, -7.163322], [109.145683, -7.163341], [109.14579, -7.163359], [109.145897, -7.163387], [109.146027, -7.163414], [109.146126, -7.163406], [109.146225, -7.163361], [109.146309, -7.163262], [109.14637, -7.163136], [109.146454, -7.163027], [109.146553, -7.162964], [109.14666, -7.162947], [109.146759, -7.162983], [109.146858, -7.163038], [109.146957, -7.163102], [109.147072, -7.163193], [109.147133, -7.163256], [109.147255, -7.163338], [109.147385, -7.163456], [109.147469, -7.16352], [109.147575, -7.163583], [109.147667, -7.16362], [109.147766, -7.163648], [109.147865, -7.163648], [109.147972, -7.163621], [109.148102, -7.163568], [109.148224, -7.163486], [109.148338, -7.163388], [109.148453, -7.163298], [109.14859, -7.163244], [109.148743, -7.163227], [109.14888, -7.163254], [109.149002, -7.163291], [109.149109, -7.163336], [109.149178, -7.163418], [109.149231, -7.163527], [109.149269, -7.163644], [109.1493, -7.163762], [109.149323, -7.16388], [109.149353, -7.163989], [109.149391, -7.164088], [109.149445, -7.164179], [109.149521, -7.164269], [109.14962, -7.164378], [109.149727, -7.16446], [109.149826, -7.16456], [109.149887, -7.164705], [109.14991, -7.164877], [109.149895, -7.164967], [109.149879, -7.165058], [109.149841, -7.165157], [109.149803, -7.165247], [109.149765, -7.165346], [109.149727, -7.165437], [109.149681, -7.165527], [109.149643, -7.165617], [109.149567, -7.16578], [109.149513, -7.165924], [109.149467, -7.166059], [109.149429, -7.166204], [109.149406, -7.166358], [109.149406, -7.166511], [109.149414, -7.166638], [109.149406, -7.166755], [109.149452, -7.166837], [109.149467, -7.166936], [109.149498, -7.167072], [109.149536, -7.167199], [109.149605, -7.167308], [109.149696, -7.167417], [109.149803, -7.167507], [109.149918, -7.167562], [109.15004, -7.167581], [109.150162, -7.16759], [109.150322, -7.1676], [109.150406, -7.167591], [109.150513, -7.167573], [109.150627, -7.167538], [109.150757, -7.167484], [109.150887, -7.16743], [109.151024, -7.167367], [109.151146, -7.167296], [109.15126, -7.167224], [109.151382, -7.167152], [109.151497, -7.167089], [109.151604, -7.167054], [109.151733, -7.167036], [109.151871, -7.167037], [109.152016, -7.167064], [109.152168, -7.167101], [109.152321, -7.167138], [109.152466, -7.167174], [109.152618, -7.167202], [109.152763, -7.167212], [109.152908, -7.167203], [109.153046, -7.167186], [109.153175, -7.167168], [109.153297, -7.16716], [109.153427, -7.167151], [109.153542, -7.16717], [109.153664, -7.167206], [109.153778, -7.16727], [109.153877, -7.167343], [109.153992, -7.167434], [109.154121, -7.167534], [109.154251, -7.167634], [109.154373, -7.167743], [109.154503, -7.167852], [109.154633, -7.167961], [109.154762, -7.168079], [109.154877, -7.168188], [109.155006, -7.168279], [109.155121, -7.16837], [109.155228, -7.168451], [109.15535, -7.168506], [109.155464, -7.168543], [109.155586, -7.168552], [109.155701, -7.168535], [109.155807, -7.168517], [109.155907, -7.168499], [109.156021, -7.168473], [109.156136, -7.168464], [109.156242, -7.168465], [109.156364, -7.168465], [109.156487, -7.168466], [109.156616, -7.168457], [109.156746, -7.168458], [109.156876, -7.168458], [109.157005, -7.168458], [109.157135, -7.16845], [109.157257, -7.168441], [109.157379, -7.168424], [109.157494, -7.168388], [109.157593, -7.168334], [109.157692, -7.168272], [109.157791, -7.168209], [109.157883, -7.168137], [109.157974, -7.168056], [109.158066, -7.167974], [109.158157, -7.167893], [109.158249, -7.167803], [109.15834, -7.167705], [109.158432, -7.167614], [109.158531, -7.167542], [109.158638, -7.167498], [109.158745, -7.167462], [109.158859, -7.167453], [109.158966, -7.167454], [109.159134, -7.167436], [109.159264, -7.167356], [109.159317, -7.167211], [109.159317, -7.16712], [109.159317, -7.167012], [109.15934, -7.166885], [109.159378, -7.16675], [109.159424, -7.166624], [109.159485, -7.166515], [109.159561, -7.166416], [109.159637, -7.166326], [109.159729, -7.166254], [109.159828, -7.166201], [109.15995, -7.166147], [109.160065, -7.166102], [109.160194, -7.166066], [109.160316, -7.16603], [109.160461, -7.165986], [109.160599, -7.165941], [109.160744, -7.165897], [109.160881, -7.165852], [109.161018, -7.165816], [109.16114, -7.165771], [109.161278, -7.165754], [109.161407, -7.165746], [109.161537, -7.165764], [109.161674, -7.165792], [109.161819, -7.165838], [109.16198, -7.165893], [109.162132, -7.165947], [109.162285, -7.165993], [109.16243, -7.166039], [109.162567, -7.166094], [109.162682, -7.166158], [109.162781, -7.16623], [109.162865, -7.166312], [109.162926, -7.166403], [109.162979, -7.166502], [109.163025, -7.16662], [109.163071, -7.166756], [109.163116, -7.166901], [109.16317, -7.167055], [109.163208, -7.1672], [109.163254, -7.167353], [109.163292, -7.167489], [109.163338, -7.167616], [109.163383, -7.167743], [109.163429, -7.167861], [109.16346, -7.167978], [109.163498, -7.168087], [109.163513, -7.168186], [109.163521, -7.168286], [109.163521, -7.168467], [109.163551, -7.168638], [109.163605, -7.168747], [109.163681, -7.168838], [109.163773, -7.168829], [109.163872, -7.168784], [109.163986, -7.168731], [109.164085, -7.168622], [109.164108, -7.16846], [109.164108, -7.16836], [109.164124, -7.168261], [109.164139, -7.168152], [109.164177, -7.168044], [109.164223, -7.167954], [109.164284, -7.167855], [109.164337, -7.167765], [109.164406, -7.167675], [109.164452, -7.167584], [109.16449, -7.167494], [109.16452, -7.167395], [109.164581, -7.167223], [109.16465, -7.167088], [109.164795, -7.167034], [109.164948, -7.167071], [109.16507, -7.167189], [109.165131, -7.167352], [109.165154, -7.167451], [109.165192, -7.167551], [109.165222, -7.167651], [109.165245, -7.167759], [109.16526, -7.167859], [109.16526, -7.167967], [109.165253, -7.168067], [109.16523, -7.168166], [109.165169, -7.168256], [109.165108, -7.168328], [109.165024, -7.1684], [109.164948, -7.168472], [109.164879, -7.168562], [109.164833, -7.168662], [109.164825, -7.168779], [109.164833, -7.168879], [109.164879, -7.168978], [109.16494, -7.16906], [109.165031, -7.169124], [109.165123, -7.169169], [109.165222, -7.169197], [109.165352, -7.169215], [109.165497, -7.169243], [109.165657, -7.169271], [109.16584, -7.16929], [109.166016, -7.169299], [109.166191, -7.169291], [109.166374, -7.169255], [109.166542, -7.169202], [109.166718, -7.169148], [109.166878, -7.169086], [109.167046, -7.169032], [109.167191, -7.168978], [109.167336, -7.168925], [109.167465, -7.168862], [109.167595, -7.16879], [109.167725, -7.168709], [109.167839, -7.168619], [109.167938, -7.16852], [109.16803, -7.168412], [109.168129, -7.168313], [109.168243, -7.168223], [109.168373, -7.168151], [109.16851, -7.168097], [109.168655, -7.168035], [109.168816, -7.167963], [109.168968, -7.167892], [109.169136, -7.16782], [109.169304, -7.167757], [109.169464, -7.167695], [109.169624, -7.167659], [109.169785, -7.16766], [109.169945, -7.167669], [109.170097, -7.167697], [109.170258, -7.167725], [109.170418, -7.167744], [109.17057, -7.167735], [109.170715, -7.167708], [109.170837, -7.167673], [109.170967, -7.167637], [109.171089, -7.167611], [109.171188, -7.167602], [109.171288, -7.167629], [109.171364, -7.167693], [109.171448, -7.167775], [109.171516, -7.167892], [109.171608, -7.168028], [109.1717, -7.168183], [109.171806, -7.168346], [109.171913, -7.168518], [109.172012, -7.168681], [109.172119, -7.168844], [109.172218, -7.168989], [109.172318, -7.169135], [109.172409, -7.169261], [109.172508, -7.169379], [109.172615, -7.169479], [109.172714, -7.169588], [109.172821, -7.169697], [109.172943, -7.169806], [109.173058, -7.169933], [109.173187, -7.170051], [109.173302, -7.170169], [109.173416, -7.170296], [109.173546, -7.170423], [109.17366, -7.170541], [109.173782, -7.170668], [109.173889, -7.170786], [109.173996, -7.170904], [109.174088, -7.171013], [109.174156, -7.171131], [109.174232, -7.171249], [109.174294, -7.171367], [109.174347, -7.171493], [109.174408, -7.17162], [109.174461, -7.171756], [109.174515, -7.171892], [109.174561, -7.172009], [109.174606, -7.172127], [109.174652, -7.172236], [109.174706, -7.172336], [109.174759, -7.172426], [109.174896, -7.172535], [109.175049, -7.172599], [109.17514, -7.172617], [109.17524, -7.172636], [109.175346, -7.172664], [109.175453, -7.172682], [109.175568, -7.172692], [109.175667, -7.172683], [109.175758, -7.172656], [109.175911, -7.172557], [109.176064, -7.172468], [109.176155, -7.172432], [109.176247, -7.172405], [109.176346, -7.172387], [109.176445, -7.17236], [109.176552, -7.172352], [109.176651, -7.172334], [109.176743, -7.172326], [109.176834, -7.172317], [109.176933, -7.172318], [109.177032, -7.172318], [109.177124, -7.172327], [109.177292, -7.172373], [109.177376, -7.17241], [109.177467, -7.172455], [109.177559, -7.17251], [109.177658, -7.172565], [109.177757, -7.172628], [109.177849, -7.1727], [109.177948, -7.172764], [109.178024, -7.172819], [109.178169, -7.17291], [109.178299, -7.173019], [109.178368, -7.173091], [109.178444, -7.173164], [109.178513, -7.173246], [109.178596, -7.173327], [109.178696, -7.173409], [109.178795, -7.173473], [109.178902, -7.173519], [109.179008, -7.173546], [109.179115, -7.173555], [109.17923, -7.173556], [109.179337, -7.173556], [109.179443, -7.173548], [109.179565, -7.17353], [109.179665, -7.173503], [109.179771, -7.173477], [109.179863, -7.173441], [109.179955, -7.173414], [109.180046, -7.173378], [109.180222, -7.173316], [109.180313, -7.173289], [109.180397, -7.173262], [109.180489, -7.173226], [109.180672, -7.173173], [109.180756, -7.173146], [109.180847, -7.17311], [109.180962, -7.173075], [109.181068, -7.173039], [109.18119, -7.172994], [109.18132, -7.172949], [109.18145, -7.172905], [109.181587, -7.172869], [109.181732, -7.172833], [109.181877, -7.172807], [109.18203, -7.172781], [109.182175, -7.172772], [109.182312, -7.172754], [109.182457, -7.172746], [109.182587, -7.172729], [109.182724, -7.172711], [109.182854, -7.172702], [109.182976, -7.172694], [109.183098, -7.172676], [109.18322, -7.172668], [109.183342, -7.172659], [109.183464, -7.172642], [109.183594, -7.172633], [109.183723, -7.172616], [109.183861, -7.172607], [109.184006, -7.172589], [109.184143, -7.172572], [109.184303, -7.172554], [109.184448, -7.172546], [109.184601, -7.172528], [109.184753, -7.172511], [109.184906, -7.172493], [109.185059, -7.172476], [109.185204, -7.172459], [109.185349, -7.172441], [109.185486, -7.172432], [109.185608, -7.172433], [109.185722, -7.172451], [109.185829, -7.172479], [109.185936, -7.172516], [109.186043, -7.172534], [109.186142, -7.172525], [109.186226, -7.17249], [109.186302, -7.172427], [109.186378, -7.172355], [109.18644, -7.172283], [109.186485, -7.172193], [109.186508, -7.172093], [109.186523, -7.171994], [109.186501, -7.171885], [109.186478, -7.171767], [109.186447, -7.17165], [109.186417, -7.171514], [109.186394, -7.171378], [109.186386, -7.171234], [109.186401, -7.171098], [109.186424, -7.170962], [109.18647, -7.170836], [109.186539, -7.170719], [109.186623, -7.17061], [109.186714, -7.170503], [109.186806, -7.170394], [109.186897, -7.170286], [109.186989, -7.170187], [109.18708, -7.170088], [109.187172, -7.169989], [109.187256, -7.16989], [109.187325, -7.169782], [109.187393, -7.169673], [109.187454, -7.169556], [109.187515, -7.169439], [109.187576, -7.169312], [109.187637, -7.169195], [109.187698, -7.169078], [109.187767, -7.16897], [109.18782, -7.168852], [109.187874, -7.168753], [109.18792, -7.168645], [109.187973, -7.168545], [109.188019, -7.168446], [109.188072, -7.168338], [109.188126, -7.168221], [109.188187, -7.168103], [109.188255, -7.167986], [109.188324, -7.167869], [109.188385, -7.16776], [109.188446, -7.167643], [109.188499, -7.167535], [109.18856, -7.167436], [109.188622, -7.167327], [109.188675, -7.167219], [109.188744, -7.16712], [109.188805, -7.16703], [109.188873, -7.16694], [109.188942, -7.16685], [109.188995, -7.166759], [109.189034, -7.166669], [109.189049, -7.16657], [109.189049, -7.16647], [109.189034, -7.166362], [109.188919, -7.166], [109.188812, -7.165602], [109.188644, -7.164893], [109.188316, -7.163655], [109.188194, -7.163213], [109.187996, -7.16246], [109.18766, -7.161116], [109.18742, -7.160153]]}}, {"type": "Feature", "properties": {"KML_FOLDER": "Jalan Provinsi_1", "gx:balloonVisibility": ""}, "geometry": {"type": "LineString", "coordinates": [[109.18742, -7.160153], [109.187591, -7.160072], [109.187826, -7.160079], [109.187963, -7.160062], [109.188412, -7.159811], [109.188933, -7.159502], [109.18916, -7.159413], [109.190053, -7.159219], [109.189891, -7.158331], [109.189834, -7.157991], [109.189758, -7.157548], [109.189674, -7.156957], [109.189613, -7.156559], [109.189606, -7.156449], [109.189659, -7.156353], [109.18985, -7.15619], [109.190666, -7.15567], [109.191292, -7.155301], [109.191475, -7.155217], [109.191643, -7.155158], [109.192726, -7.154975], [109.19297, -7.154932], [109.19313, -7.154863], [109.193306, -7.154785], [109.193886, -7.154555], [109.194069, -7.154533], [109.194298, -7.15454], [109.195671, -7.154572], [109.197113, -7.15457], [109.198555, -7.154602], [109.20063, -7.154662], [109.201843, -7.154723], [109.202103, -7.154735], [109.20295, -7.154902], [109.203857, -7.155195], [109.204391, -7.155339], [109.204605, -7.155389], [109.204689, -7.155386], [109.204803, -7.155364], [109.204903, -7.155333], [109.205246, -7.155232], [109.205505, -7.155172], [109.205666, -7.155188], [109.205765, -7.155213], [109.205833, -7.155266], [109.205917, -7.155348], [109.20594, -7.155446], [109.205994, -7.155597], [109.206017, -7.155846], [109.205963, -7.156445], [109.205963, -7.156602], [109.206009, -7.156744], [109.206055, -7.156883], [109.2062, -7.157022], [109.206299, -7.15711], [109.206375, -7.157122], [109.206451, -7.157088], [109.206558, -7.15699], [109.206696, -7.156839], [109.206863, -7.156691], [109.207199, -7.156524], [109.207565, -7.156363], [109.208038, -7.15624], [109.208282, -7.156206], [109.20845, -7.156196], [109.208611, -7.156221], [109.208961, -7.156281], [109.209381, -7.156354], [109.209984, -7.156502], [109.210289, -7.156609], [109.210449, -7.156684], [109.210548, -7.156768], [109.210632, -7.156891], [109.2108, -7.157166], [109.211014, -7.157537], [109.211212, -7.157837], [109.211273, -7.15795], [109.211411, -7.15807], [109.211578, -7.158187], [109.211746, -7.158303], [109.212067, -7.158576], [109.212433, -7.15881], [109.212601, -7.15892], [109.212738, -7.159024], [109.212814, -7.159096], [109.212906, -7.159213], [109.213142, -7.15966], [109.213196, -7.159809], [109.213264, -7.159884], [109.213348, -7.159988], [109.21344, -7.160076], [109.213936, -7.160397], [109.214592, -7.160848], [109.2155, -7.16144], [109.215706, -7.16158], [109.215881, -7.161665], [109.216011, -7.161677], [109.216125, -7.161637], [109.216255, -7.161614], [109.216385, -7.161573], [109.216583, -7.161564], [109.216766, -7.161577], [109.216942, -7.161589], [109.21727, -7.161618], [109.217461, -7.161589], [109.217598, -7.161545], [109.217743, -7.161495], [109.218147, -7.161309], [109.218254, -7.161268], [109.218407, -7.161255], [109.218544, -7.16124], [109.218811, -7.161208], [109.219345, -7.161132], [109.21946, -7.161088], [109.219543, -7.161063], [109.219757, -7.161026], [109.220558, -7.160887], [109.221245, -7.160758], [109.221436, -7.160698], [109.221558, -7.160625], [109.222404, -7.160065], [109.22261, -7.159959], [109.222725, -7.159937], [109.222809, -7.159934], [109.22303, -7.159959], [109.223999, -7.160038], [109.224915, -7.160088], [109.225121, -7.160079], [109.225235, -7.160091], [109.22541, -7.160142], [109.225563, -7.160182], [109.22567, -7.160182], [109.225769, -7.160132], [109.225899, -7.160003], [109.226189, -7.159632], [109.226387, -7.159385], [109.226799, -7.158979], [109.227325, -7.158458], [109.227417, -7.158358], [109.227531, -7.158178], [109.227913, -7.157741], [109.228996, -7.156593], [109.229233, -7.156337], [109.22934, -7.156224], [109.229385, -7.156123], [109.229439, -7.155994], [109.229866, -7.155009], [109.230476, -7.153661], [109.230957, -7.152739], [109.23127, -7.151519], [109.231483, -7.150553], [109.231514, -7.150452], [109.231628, -7.150238], [109.231758, -7.150092], [109.231987, -7.149874], [109.233162, -7.148902], [109.233673, -7.148519], [109.233841, -7.148398], [109.233925, -7.148351], [109.233978, -7.148266], [109.233994, -7.148209], [109.233986, -7.148124], [109.233994, -7.148039], [109.234039, -7.147923], [109.234123, -7.14779], [109.234238, -7.147666], [109.234344, -7.147593], [109.234459, -7.147505], [109.23452, -7.147455], [109.234581, -7.147316], [109.234657, -7.147092], [109.234695, -7.147017], [109.234787, -7.146957], [109.234955, -7.146835], [109.235031, -7.146731], [109.235092, -7.14664], [109.235176, -7.146502], [109.235435, -7.146062], [109.235558, -7.145745], [109.235634, -7.145418], [109.235756, -7.144977], [109.235756, -7.144694], [109.235725, -7.144414], [109.235672, -7.144096], [109.235657, -7.143845], [109.235672, -7.143568], [109.235764, -7.143065], [109.23587, -7.142354], [109.235939, -7.141933], [109.236, -7.141659], [109.236107, -7.140977], [109.236221, -7.140509], [109.23629, -7.140354], [109.236374, -7.140018], [109.236404, -7.139961], [109.236488, -7.139891], [109.236786, -7.139601], [109.236877, -7.139495], [109.236916, -7.139417], [109.236938, -7.139347], [109.236938, -7.139119], [109.2369, -7.138716], [109.236862, -7.138276], [109.23687, -7.137898], [109.236908, -7.136747], [109.236977, -7.135606], [109.237, -7.134905], [109.237007, -7.134574], [109.237015, -7.134468], [109.236984, -7.134348], [109.236893, -7.133916], [109.23674, -7.133193], [109.236694, -7.132961], [109.236694, -7.132898], [109.23671, -7.132791], [109.236748, -7.132663], [109.236916, -7.132427], [109.237206, -7.131996], [109.237404, -7.131704], [109.237465, -7.131567], [109.237495, -7.131472], [109.237511, -7.131349], [109.237564, -7.130829], [109.23761, -7.130484], [109.237694, -7.130115], [109.237755, -7.129998], [109.237869, -7.129901], [109.238121, -7.12974], [109.238693, -7.129432], [109.239639, -7.128792], [109.240601, -7.128053], [109.240669, -7.127954], [109.240715, -7.127872], [109.240898, -7.127357], [109.241112, -7.126808], [109.241158, -7.126636], [109.241219, -7.126544], [109.241318, -7.126406], [109.241425, -7.126296], [109.241814, -7.126088], [109.242096, -7.125943], [109.242203, -7.12587], [109.242462, -7.125495], [109.242767, -7.124786], [109.242836, -7.124658], [109.243019, -7.124095], [109.243248, -7.123613], [109.243431, -7.123168], [109.243523, -7.122939], [109.243561, -7.122819], [109.243622, -7.122737], [109.243729, -7.122668], [109.244263, -7.122485], [109.245094, -7.122252]]}}, {"type": "Feature", "properties": {"KML_FOLDER": "Jalan Provinsi_1", "gx:balloonVisibility": ""}, "geometry": {"type": "LineString", "coordinates": [[109.245094, -7.122252], [109.245148, -7.121644], [109.245193, -7.121379], [109.245316, -7.120534], [109.245491, -7.119401], [109.24572, -7.117827], [109.245857, -7.116757], [109.245979, -7.115214], [109.245972, -7.114836], [109.245796, -7.113839], [109.245544, -7.11272], [109.245346, -7.111643], [109.245361, -7.111001], [109.245369, -7.109975], [109.245544, -7.108563], [109.24556, -7.108191], [109.245468, -7.107517], [109.245354, -7.106763], [109.245392, -7.106345], [109.245697, -7.105408], [109.245941, -7.105012], [109.246239, -7.104588], [109.246506, -7.104259], [109.246872, -7.103805], [109.247093, -7.103581], [109.247871, -7.103232], [109.249214, -7.102739], [109.250633, -7.102376], [109.252617, -7.102004], [109.253212, -7.101939], [109.253922, -7.102018], [109.254715, -7.102008], [109.255356, -7.101985], [109.256096, -7.102055], [109.256584, -7.102166], [109.257996, -7.102443], [109.259224, -7.102614], [109.259972, -7.10261], [109.260628, -7.102564], [109.261269, -7.102536], [109.261833, -7.102619], [109.262367, -7.102661], [109.26284, -7.102675], [109.26329, -7.102698], [109.263664, -7.10274], [109.263931, -7.102721], [109.26413, -7.102605], [109.26442, -7.102462], [109.264648, -7.102397], [109.265266, -7.10231], [109.266273, -7.102203], [109.267418, -7.102055], [109.267845, -7.101971], [109.268097, -7.101983], [109.268517, -7.102046], [109.269379, -7.10229], [109.270477, -7.10251], [109.272186, -7.102892], [109.272598, -7.102973], [109.272835, -7.103008], [109.273033, -7.103025], [109.273293, -7.103008], [109.273659, -7.102985], [109.274231, -7.102869], [109.274673, -7.102777], [109.274956, -7.102718], [109.275124, -7.102713], [109.275551, -7.10273], [109.275803, -7.102759], [109.277504, -7.102904], [109.277878, -7.102945], [109.279045, -7.102973], [109.279602, -7.102927], [109.282578, -7.102406], [109.283707, -7.102296], [109.284714, -7.102284], [109.286125, -7.102307], [109.286781, -7.102324], [109.287323, -7.102174], [109.287857, -7.101902], [109.288437, -7.101643], [109.289665, -7.101104], [109.290344, -7.100721], [109.290634, -7.100571], [109.290825, -7.100501], [109.291382, -7.100385], [109.29213, -7.100257], [109.293198, -7.100107], [109.29361, -7.100095], [109.29406, -7.100119], [109.294403, -7.100165], [109.294853, -7.100321], [109.295479, -7.100402], [109.296402, -7.100454], [109.298599, -7.100518], [109.302292, -7.100513], [109.304764, -7.100506], [109.305359, -7.100402], [109.306923, -7.100095], [109.308502, -7.099857], [109.310631, -7.099788], [109.312401, -7.099799], [109.313293, -7.099741], [109.314957, -7.099281], [109.316887, -7.098664], [109.318092, -7.098227], [109.318352, -7.098152], [109.318535, -7.098123], [109.318756, -7.098146], [109.319916, -7.09872], [109.320869, -7.099177], [109.321617, -7.099489], [109.322372, -7.099581], [109.323875, -7.099784], [109.325714, -7.100045]]}}, {"type": "Feature", "properties": {"KML_FOLDER": "Jalan Provinsi_1", "gx:balloonVisibility": ""}, "geometry": {"type": "LineString", "coordinates": [[108.708103, -7.341889], [108.707932, -7.34218], [108.707886, -7.342261], [108.70784, -7.342333], [108.707779, -7.342432], [108.70771, -7.34254], [108.707687, -7.342685], [108.707649, -7.342847], [108.707664, -7.343019], [108.707718, -7.343182], [108.707794, -7.343345], [108.707863, -7.343508], [108.707932, -7.343662], [108.708008, -7.343825], [108.708084, -7.343997], [108.708122, -7.344079], [108.708168, -7.34417], [108.708206, -7.34426], [108.708244, -7.344342], [108.70829, -7.344432], [108.708328, -7.344523], [108.708359, -7.344614], [108.708382, -7.344704], [108.708397, -7.344803], [108.708427, -7.344894], [108.70845, -7.344994], [108.708458, -7.345102], [108.708473, -7.345211], [108.708481, -7.34531], [108.708488, -7.345418], [108.708496, -7.345527], [108.708511, -7.345635], [108.708519, -7.345744], [108.708527, -7.345852], [108.708542, -7.345961], [108.70855, -7.346061], [108.708557, -7.34616], [108.708565, -7.34626], [108.708572, -7.34635], [108.70858, -7.346449], [108.708588, -7.34654], [108.708595, -7.346639], [108.70858, -7.346721], [108.708557, -7.346856], [108.708534, -7.346973], [108.708511, -7.347082], [108.708496, -7.34719], [108.708466, -7.347317], [108.708443, -7.347452], [108.708412, -7.347597], [108.708382, -7.34775], [108.708359, -7.347921], [108.708336, -7.348084], [108.708328, -7.348229], [108.708321, -7.348373], [108.708298, -7.348527], [108.708336, -7.348699], [108.708366, -7.348871], [108.708397, -7.349033], [108.708427, -7.349196], [108.70845, -7.349296], [108.708466, -7.349386], [108.708481, -7.349486], [108.708511, -7.349576], [108.708534, -7.349676], [108.708565, -7.349758], [108.70858, -7.349938], [108.708496, -7.350091], [108.70845, -7.350173], [108.708397, -7.350263], [108.708344, -7.350362], [108.70829, -7.35047], [108.708221, -7.350578], [108.708168, -7.350687], [108.708099, -7.350786], [108.708023, -7.350893], [108.707939, -7.351002], [108.70787, -7.351119], [108.707787, -7.351227], [108.70771, -7.351344], [108.707634, -7.351452], [108.707565, -7.351569], [108.707497, -7.351686], [108.707428, -7.351803], [108.707359, -7.351912], [108.707291, -7.352029], [108.707222, -7.352137], [108.707146, -7.352254], [108.707085, -7.352371], [108.707047, -7.352507], [108.707001, -7.352642], [108.706955, -7.352768], [108.706917, -7.352895], [108.706879, -7.353012], [108.706848, -7.353138], [108.706818, -7.353247], [108.706787, -7.353355], [108.706764, -7.353454], [108.706726, -7.353608], [108.706696, -7.353707], [108.70668, -7.35377], [108.706657, -7.353869], [108.706635, -7.35396], [108.706596, -7.354086], [108.706566, -7.354186], [108.706551, -7.354276], [108.70652, -7.354384], [108.706497, -7.354492], [108.706451, -7.354628], [108.706398, -7.354781], [108.706337, -7.354961], [108.706306, -7.355061], [108.706276, -7.35516], [108.706238, -7.355268], [108.706169, -7.355359], [108.706108, -7.355457], [108.706032, -7.355547], [108.705971, -7.355647], [108.705902, -7.355746], [108.705826, -7.355844], [108.705765, -7.355944], [108.705696, -7.356034], [108.705635, -7.356133], [108.705574, -7.356214], [108.705505, -7.356304], [108.705414, -7.356349], [108.705307, -7.356366], [108.7052, -7.356384], [108.705086, -7.356401], [108.704971, -7.356419], [108.704857, -7.356436], [108.704735, -7.356454], [108.704613, -7.356471], [108.704483, -7.356489], [108.704346, -7.356515], [108.704216, -7.356533], [108.704086, -7.356559], [108.703949, -7.356576], [108.703819, -7.356594], [108.703682, -7.35662], [108.703552, -7.356637], [108.703415, -7.356664], [108.703293, -7.356681], [108.703171, -7.356699], [108.703056, -7.356716], [108.702942, -7.356734], [108.702812, -7.35676], [108.70269, -7.356778], [108.702576, -7.356813], [108.702461, -7.356876], [108.702347, -7.356939], [108.702232, -7.357001], [108.702126, -7.357064], [108.702019, -7.357118], [108.70192, -7.357172], [108.70182, -7.357243], [108.701729, -7.357324], [108.701637, -7.357405], [108.701584, -7.357486], [108.701523, -7.357585], [108.701508, -7.357685], [108.701477, -7.357784], [108.701454, -7.357892], [108.701416, -7.358009], [108.701385, -7.358127], [108.701347, -7.358244], [108.701309, -7.35837], [108.701256, -7.358488], [108.701195, -7.358596], [108.701141, -7.358713], [108.701088, -7.358812], [108.701042, -7.358921], [108.701019, -7.359038], [108.701004, -7.359146], [108.700981, -7.359254], [108.700958, -7.359372], [108.700935, -7.35948], [108.700928, -7.359598], [108.70092, -7.359715], [108.700905, -7.359842], [108.700897, -7.359977], [108.70089, -7.360113], [108.700874, -7.360239], [108.700867, -7.360384], [108.700851, -7.360519], [108.700836, -7.360655], [108.700829, -7.36079], [108.700821, -7.360926], [108.700813, -7.361071], [108.70079, -7.361215], [108.700783, -7.361351], [108.700775, -7.361495], [108.70076, -7.361639], [108.700752, -7.361784], [108.70076, -7.36192], [108.700768, -7.362055], [108.700783, -7.362182], [108.700829, -7.362309], [108.700867, -7.362436], [108.700912, -7.362553], [108.700958, -7.36268], [108.701019, -7.362807], [108.701073, -7.362934], [108.701134, -7.363051], [108.701187, -7.363178], [108.701248, -7.363297], [108.701302, -7.363414], [108.701363, -7.363541], [108.701424, -7.363659], [108.701477, -7.363768], [108.701462, -7.363903], [108.701454, -7.364029], [108.701447, -7.364156], [108.701439, -7.364274], [108.701401, -7.364364], [108.701355, -7.364445], [108.701309, -7.364508], [108.701248, -7.364571], [108.701172, -7.364643], [108.701096, -7.364706], [108.701027, -7.364787], [108.700943, -7.364867], [108.700851, -7.364948], [108.700775, -7.365029], [108.700684, -7.365119], [108.700592, -7.365209], [108.7005, -7.365299], [108.700409, -7.365389], [108.700317, -7.36547], [108.700226, -7.365569], [108.700127, -7.365659], [108.700035, -7.365748], [108.699944, -7.365839], [108.699844, -7.365928], [108.699753, -7.366018], [108.699654, -7.366126], [108.69957, -7.366225], [108.699501, -7.366333], [108.699425, -7.366432], [108.699348, -7.366522], [108.69928, -7.366612], [108.699211, -7.366703], [108.69915, -7.366784], [108.699097, -7.366856], [108.698997, -7.366991], [108.698959, -7.367063], [108.698875, -7.367225], [108.698807, -7.367369], [108.698746, -7.367496], [108.698685, -7.36763], [108.698654, -7.367775], [108.698631, -7.367929], [108.698662, -7.368137], [108.698708, -7.36829], [108.698792, -7.368499], [108.698906, -7.368626], [108.699036, -7.368753], [108.699112, -7.368889], [108.699203, -7.369034], [108.699249, -7.369188], [108.699265, -7.369333], [108.699257, -7.369478], [108.699257, -7.369622], [108.699242, -7.369776], [108.699234, -7.369866], [108.699234, -7.369956], [108.699234, -7.370056], [108.699226, -7.370164], [108.699242, -7.370255], [108.699257, -7.370372], [108.69928, -7.370481], [108.699295, -7.37059], [108.69931, -7.370707], [108.699333, -7.370816], [108.699348, -7.370933], [108.699364, -7.371051], [108.699394, -7.371169], [108.699409, -7.371286], [108.699425, -7.371395], [108.699471, -7.371503], [108.699509, -7.371612], [108.699539, -7.37173], [108.699577, -7.371838], [108.699623, -7.371947], [108.699677, -7.372046], [108.69973, -7.372147], [108.699799, -7.372228], [108.699883, -7.372301], [108.699966, -7.372374], [108.700043, -7.372437], [108.700127, -7.372501], [108.700218, -7.372574], [108.70031, -7.372692], [108.700363, -7.372791], [108.700417, -7.3729], [108.70047, -7.373009], [108.700523, -7.373117], [108.700569, -7.373208], [108.700638, -7.373362], [108.700653, -7.373453], [108.700676, -7.37358], [108.700691, -7.373706], [108.700706, -7.37386], [108.700722, -7.374041], [108.700745, -7.37414], [108.70076, -7.374249], [108.700768, -7.374348], [108.700783, -7.374457], [108.700798, -7.374556], [108.700813, -7.374665], [108.700821, -7.374764], [108.700836, -7.374873], [108.700859, -7.374981], [108.700859, -7.37509], [108.700851, -7.375198], [108.700851, -7.375298], [108.700851, -7.375388], [108.700851, -7.375542], [108.700836, -7.375659], [108.700737, -7.375794], [108.700623, -7.375947], [108.700569, -7.376038], [108.700508, -7.376127], [108.700439, -7.376217], [108.700386, -7.376326], [108.70034, -7.376434], [108.700287, -7.376533], [108.700249, -7.376641], [108.700233, -7.376759], [108.700203, -7.376876], [108.700188, -7.376994], [108.700165, -7.377102], [108.700203, -7.37722], [108.700241, -7.377347], [108.700272, -7.377473], [108.700317, -7.377609], [108.700356, -7.377754], [108.700394, -7.377899], [108.700432, -7.378043], [108.700478, -7.378188], [108.700523, -7.378333], [108.700554, -7.378478], [108.7006, -7.378632], [108.700653, -7.378767], [108.700699, -7.378894], [108.700745, -7.379021], [108.70079, -7.379157], [108.700836, -7.379283], [108.700882, -7.37941], [108.70092, -7.379537], [108.700867, -7.379718], [108.700813, -7.379844], [108.70076, -7.37997], [108.700691, -7.380096], [108.70063, -7.380232], [108.700569, -7.380358], [108.7005, -7.380493], [108.700439, -7.380629], [108.700386, -7.380773], [108.700348, -7.380917], [108.700302, -7.381062], [108.700256, -7.381206], [108.700211, -7.381359], [108.700165, -7.381504], [108.700119, -7.381657], [108.700081, -7.381802], [108.700035, -7.381955], [108.699989, -7.38209], [108.699951, -7.382226], [108.699913, -7.382352], [108.699867, -7.382469], [108.699806, -7.382577], [108.699738, -7.382677], [108.699677, -7.382785], [108.6996, -7.382893], [108.699509, -7.382992], [108.699417, -7.3831], [108.699318, -7.383208], [108.699219, -7.383325], [108.699127, -7.383442], [108.699043, -7.383577], [108.698967, -7.383703], [108.698883, -7.383829], [108.698837, -7.383974], [108.698799, -7.384109], [108.698753, -7.384244], [108.698715, -7.384379], [108.698669, -7.384515], [108.698624, -7.384659], [108.698578, -7.384804], [108.698532, -7.384948], [108.698494, -7.385093], [108.698463, -7.385219], [108.698456, -7.385355], [108.698456, -7.385463], [108.698463, -7.385571], [108.698463, -7.38568], [108.698471, -7.385798], [108.698479, -7.385915], [108.698494, -7.386042], [108.698502, -7.386159], [108.698509, -7.386286], [108.698509, -7.386412], [108.698517, -7.386539], [108.698524, -7.386665], [108.698532, -7.386792], [108.698532, -7.386928], [108.698509, -7.387063], [108.698494, -7.387198], [108.698486, -7.387334], [108.698456, -7.38746], [108.698425, -7.387578], [108.698402, -7.387695], [108.698387, -7.387831], [108.698387, -7.387948], [108.698395, -7.388084], [108.698418, -7.388192], [108.698441, -7.38831], [108.698471, -7.388428], [108.698494, -7.388546], [108.698524, -7.388663], [108.698532, -7.388772], [108.698502, -7.388871], [108.698479, -7.388979], [108.698448, -7.389096], [108.698418, -7.389205], [108.698395, -7.389313], [108.698364, -7.389431], [108.698334, -7.389539], [108.698311, -7.389638], [108.698296, -7.389755], [108.698296, -7.389855], [108.698318, -7.390018], [108.698341, -7.390126], [108.698494, -7.390308], [108.69857, -7.390371], [108.698639, -7.390435], [108.698814, -7.390472], [108.698959, -7.390428], [108.699158, -7.390384], [108.699249, -7.390357], [108.699348, -7.390339], [108.699509, -7.390304], [108.699654, -7.390305], [108.699745, -7.39035], [108.699837, -7.390396], [108.699928, -7.390442], [108.700012, -7.390514], [108.700096, -7.390578], [108.700188, -7.390642], [108.700256, -7.390742], [108.70031, -7.390851], [108.700348, -7.390959], [108.700394, -7.391059], [108.700432, -7.391168], [108.70047, -7.391285], [108.700485, -7.391403], [108.700493, -7.391521], [108.700508, -7.391647], [108.700516, -7.391774], [108.700523, -7.3919], [108.700539, -7.392027], [108.700554, -7.392153], [108.700562, -7.39228], [108.700577, -7.392406], [108.7006, -7.392533], [108.700638, -7.39266], [108.700676, -7.392777], [108.700706, -7.392904], [108.700737, -7.393022], [108.700768, -7.393149], [108.700806, -7.393266], [108.700836, -7.393384], [108.700867, -7.393493], [108.70092, -7.393601], [108.700966, -7.393701], [108.701012, -7.393801], [108.701057, -7.3939], [108.701096, -7.393982], [108.701149, -7.3941], [108.701195, -7.394199], [108.701248, -7.394326], [108.701317, -7.39448], [108.701355, -7.394562], [108.701401, -7.394652], [108.701454, -7.394743], [108.701492, -7.394843], [108.701553, -7.394933], [108.701591, -7.395024], [108.701637, -7.395114], [108.701683, -7.395196], [108.701736, -7.395287], [108.701782, -7.395378], [108.701828, -7.395468], [108.701881, -7.39555], [108.701927, -7.39564], [108.702034, -7.395813], [108.702118, -7.395948], [108.702179, -7.396067], [108.70224, -7.396175], [108.702309, -7.396284], [108.702347, -7.39642], [108.702385, -7.396537], [108.702393, -7.396664], [108.7024, -7.396791], [108.702415, -7.396917], [108.702423, -7.397071], [108.702446, -7.397234], [108.702454, -7.397406], [108.702477, -7.397559], [108.702515, -7.39765], [108.702538, -7.39774], [108.702576, -7.39784], [108.702614, -7.39794], [108.702644, -7.398039], [108.702682, -7.398148], [108.702698, -7.398239], [108.702698, -7.398356], [108.702698, -7.398464], [108.702698, -7.398582], [108.702698, -7.39869], [108.702698, -7.398799], [108.702698, -7.398907], [108.702736, -7.39898], [108.702789, -7.399052], [108.702843, -7.399125], [108.702904, -7.399207], [108.702965, -7.399288], [108.703018, -7.39937], [108.703072, -7.399487], [108.703117, -7.399587], [108.703156, -7.399687], [108.703194, -7.399786], [108.703217, -7.399895], [108.703255, -7.400004], [108.703278, -7.400122], [108.703308, -7.400239], [108.703339, -7.400357], [108.703369, -7.400484], [108.703407, -7.400601], [108.70343, -7.400728], [108.703468, -7.400855], [108.703499, -7.400981], [108.703529, -7.401108], [108.70356, -7.401235], [108.70359, -7.401361], [108.703629, -7.401479], [108.703682, -7.401588], [108.703735, -7.401688], [108.703789, -7.401796], [108.70385, -7.401905], [108.703903, -7.402014], [108.703964, -7.402132], [108.704033, -7.40224], [108.704094, -7.402349], [108.70417, -7.402467], [108.704247, -7.402585], [108.704323, -7.402703], [108.704407, -7.40283], [108.704491, -7.402948], [108.704559, -7.403066], [108.704643, -7.403183], [108.704712, -7.403292], [108.704781, -7.403392], [108.704857, -7.403501], [108.704933, -7.403601], [108.705009, -7.403701], [108.705101, -7.403791], [108.7052, -7.403883], [108.705284, -7.403973], [108.705383, -7.404073], [108.705482, -7.404164], [108.705582, -7.404264], [108.705681, -7.404364], [108.70578, -7.404455], [108.705879, -7.404546], [108.705978, -7.404646], [108.70607, -7.404737], [108.706169, -7.404828], [108.706261, -7.404918], [108.706352, -7.405009], [108.706451, -7.405091], [108.706551, -7.405173], [108.70665, -7.405255], [108.706749, -7.405337], [108.706856, -7.405418], [108.706955, -7.4055], [108.707047, -7.405582], [108.707138, -7.405655], [108.707222, -7.405728], [108.707314, -7.405809], [108.707413, -7.405891], [108.707512, -7.405973], [108.707611, -7.406055], [108.70771, -7.406137], [108.707817, -7.406228], [108.707916, -7.40631], [108.708015, -7.406392], [108.708115, -7.406474], [108.708214, -7.406546], [108.708336, -7.40661], [108.70845, -7.406674], [108.708572, -7.406738], [108.708702, -7.406793], [108.708839, -7.406839], [108.708977, -7.406894], [108.709114, -7.406949], [108.709244, -7.407003], [108.709389, -7.407059], [108.709526, -7.407114], [108.709663, -7.407168], [108.709801, -7.407214], [108.70993, -7.407269], [108.71006, -7.407315], [108.710175, -7.40737], [108.710297, -7.407407], [108.710411, -7.407453], [108.710518, -7.407498], [108.71064, -7.407544], [108.710762, -7.407599], [108.710884, -7.407654], [108.710999, -7.407718], [108.711128, -7.407773], [108.711243, -7.407836], [108.711365, -7.4079], [108.711479, -7.407973], [108.711594, -7.408037], [108.711716, -7.40811], [108.71183, -7.408183], [108.71196, -7.408247], [108.712067, -7.40831], [108.712181, -7.408374], [108.712288, -7.408438], [108.712402, -7.408502], [108.712509, -7.408566], [108.712608, -7.40863], [108.712715, -7.408685], [108.712814, -7.408748], [108.712921, -7.408785], [108.713043, -7.408822], [108.713165, -7.40885], [108.713295, -7.408886], [108.713432, -7.408896], [108.713554, -7.408897], [108.713699, -7.408906], [108.713837, -7.408916], [108.713974, -7.408926], [108.714119, -7.408936], [108.714264, -7.408946], [108.714401, -7.408947], [108.714554, -7.408956], [108.714699, -7.408966], [108.714851, -7.408985], [108.715004, -7.409004], [108.715164, -7.409022], [108.715332, -7.409041], [108.715492, -7.40906], [108.71566, -7.409079], [108.715813, -7.409098], [108.715965, -7.409117], [108.716118, -7.409136], [108.716263, -7.409155], [108.7164, -7.409164], [108.716545, -7.409184], [108.716682, -7.409202], [108.716805, -7.409221], [108.716934, -7.409231], [108.717056, -7.409249], [108.717186, -7.409259], [108.7173, -7.409277], [108.71743, -7.409287], [108.71756, -7.409306], [108.717674, -7.409325], [108.717804, -7.409352], [108.717926, -7.409371], [108.718056, -7.409399], [108.718178, -7.4094], [108.718307, -7.4094], [108.718437, -7.409401], [108.718559, -7.409401], [108.718697, -7.409402], [108.718826, -7.409412], [108.718956, -7.409412], [108.719093, -7.409413], [108.719231, -7.409414], [108.71936, -7.409415], [108.719498, -7.409415], [108.71962, -7.409416], [108.719749, -7.409417], [108.719872, -7.409426], [108.719994, -7.409436], [108.720116, -7.409455], [108.720238, -7.409473], [108.720352, -7.40951], [108.720459, -7.409556], [108.720581, -7.409593], [108.720695, -7.409629], [108.720802, -7.409675], [108.720924, -7.409712], [108.721039, -7.409749], [108.721169, -7.409794], [108.721291, -7.409841], [108.721413, -7.409886], [108.721535, -7.409923], [108.721664, -7.409969], [108.721794, -7.410015], [108.721916, -7.410051], [108.722038, -7.410097], [108.722153, -7.410143], [108.72226, -7.41018], [108.722351, -7.410244], [108.722404, -7.410289], [108.72245, -7.410379], [108.722504, -7.41047], [108.722565, -7.410579], [108.722641, -7.41067], [108.722717, -7.41076], [108.722794, -7.410851], [108.72287, -7.410942], [108.722954, -7.411042], [108.723045, -7.411142], [108.723122, -7.411251], [108.723213, -7.411351], [108.723305, -7.411459], [108.723396, -7.41156], [108.723495, -7.411659], [108.723595, -7.411741], [108.723701, -7.411814], [108.723816, -7.411869], [108.723938, -7.411924], [108.724052, -7.411961], [108.724174, -7.411997], [108.724297, -7.412061], [108.724403, -7.412134], [108.724518, -7.412207], [108.724632, -7.412271], [108.724739, -7.412344], [108.724846, -7.412416], [108.724953, -7.41248], [108.725067, -7.412544], [108.725182, -7.412581], [108.725296, -7.412627], [108.725418, -7.412663], [108.725525, -7.4127], [108.725662, -7.412728], [108.7258, -7.412756], [108.725929, -7.412793], [108.726074, -7.41282], [108.726219, -7.412858], [108.726379, -7.412885], [108.726532, -7.412913], [108.726685, -7.412941], [108.726837, -7.412969], [108.726982, -7.412997], [108.727135, -7.413025], [108.727272, -7.413043], [108.727402, -7.413071], [108.727516, -7.41309], [108.727623, -7.413109], [108.727745, -7.413136], [108.727852, -7.413155], [108.727966, -7.413174], [108.728073, -7.413192], [108.728195, -7.41322], [108.72831, -7.413239], [108.728432, -7.413258], [108.728546, -7.413285], [108.728668, -7.413304], [108.728783, -7.413332], [108.728897, -7.413368], [108.729019, -7.413396], [108.729126, -7.413424], [108.72924, -7.41346], [108.729355, -7.413488], [108.729462, -7.413525], [108.729568, -7.413561], [108.729652, -7.413616], [108.729744, -7.413689], [108.729828, -7.413762], [108.729927, -7.413844], [108.730019, -7.413916], [108.73011, -7.413989], [108.730202, -7.414062], [108.730293, -7.414135], [108.730377, -7.414207], [108.730469, -7.41428], [108.73056, -7.414353], [108.730644, -7.414417], [108.730721, -7.414489], [108.730804, -7.414553], [108.730896, -7.414626], [108.730972, -7.41469], [108.731056, -7.414753], [108.73114, -7.414772], [108.731232, -7.414781], [108.731323, -7.414782], [108.731499, -7.414755], [108.73159, -7.414747], [108.731689, -7.414738], [108.731781, -7.414721], [108.731873, -7.414712], [108.731972, -7.414704], [108.732063, -7.414713], [108.732162, -7.414741], [108.732262, -7.414759], [108.732353, -7.414778], [108.732452, -7.414805], [108.732552, -7.414779], [108.732658, -7.414752], [108.732758, -7.414726], [108.732841, -7.41469], [108.732925, -7.414636], [108.732956, -7.414573], [108.732979, -7.41442], [108.732979, -7.414329], [108.732979, -7.41423], [108.732979, -7.41413], [108.732979, -7.414022], [108.732979, -7.413922], [108.732971, -7.413814], [108.732994, -7.413705], [108.733009, -7.413615], [108.73307, -7.413534], [108.7332, -7.413417], [108.733368, -7.413364], [108.733452, -7.413337], [108.733543, -7.413311], [108.733643, -7.413275], [108.733734, -7.413249], [108.733833, -7.413222], [108.733948, -7.413186], [108.734055, -7.41315], [108.734161, -7.413115], [108.734283, -7.413079], [108.73439, -7.413044], [108.734505, -7.413017], [108.734619, -7.412982], [108.734726, -7.412946], [108.73484, -7.41291], [108.734962, -7.412884], [108.735069, -7.412848], [108.735184, -7.412822], [108.735306, -7.412786], [108.735413, -7.41276], [108.735535, -7.412724], [108.735641, -7.412698], [108.735748, -7.412662], [108.735847, -7.412635], [108.735954, -7.412609], [108.736046, -7.412582], [108.736145, -7.412556], [108.736237, -7.412583], [108.736328, -7.412611], [108.736412, -7.412647], [108.736488, -7.412675], [108.73658, -7.412703], [108.736679, -7.412739], [108.736794, -7.412776], [108.7369, -7.412813], [108.737015, -7.412858], [108.737137, -7.412895], [108.737259, -7.41295], [108.73735, -7.413023], [108.737411, -7.413114], [108.737457, -7.413204], [108.737503, -7.413304], [108.737549, -7.413404], [108.737602, -7.413503], [108.737602, -7.413602], [108.737572, -7.41372], [108.737556, -7.413828], [108.737526, -7.413937], [108.737511, -7.414045], [108.73748, -7.414144], [108.737465, -7.414244], [108.737442, -7.414352], [108.737411, -7.41446], [108.737396, -7.414568], [108.737366, -7.414686], [108.737343, -7.414794], [108.737335, -7.414912], [108.737328, -7.415029], [108.73735, -7.415156], [108.737373, -7.415256], [108.737434, -7.415401], [108.737488, -7.4155], [108.737549, -7.415591], [108.737617, -7.415709], [108.737732, -7.415809], [108.737877, -7.415918], [108.737961, -7.415981], [108.738029, -7.416036], [108.738152, -7.416127], [108.73822, -7.416182], [108.738274, -7.416227], [108.738319, -7.416309], [108.738358, -7.416399], [108.738411, -7.416535], [108.738457, -7.416671], [108.738518, -7.416825], [108.738586, -7.416997], [108.738625, -7.417088], [108.73867, -7.417178], [108.738708, -7.417278], [108.738747, -7.417368], [108.738785, -7.417468], [108.738831, -7.417568], [108.738876, -7.417667], [108.738922, -7.417776], [108.738968, -7.417885], [108.739006, -7.417994], [108.739059, -7.418102], [108.739105, -7.418211], [108.739151, -7.41832], [108.739197, -7.418419], [108.739243, -7.418519], [108.739281, -7.418619], [108.739311, -7.4187], [108.739357, -7.418791], [108.739395, -7.418881], [108.73941, -7.418972], [108.739418, -7.41908], [108.739441, -7.41918], [108.739433, -7.419297], [108.739433, -7.419415], [108.739449, -7.419532], [108.739441, -7.419659], [108.739441, -7.419776], [108.739449, -7.419903], [108.739449, -7.42003], [108.739449, -7.420156], [108.739449, -7.420291], [108.739456, -7.420418], [108.739464, -7.420554], [108.739471, -7.42069], [108.739487, -7.420816], [108.739502, -7.420943], [108.73951, -7.421078], [108.739517, -7.421205], [108.739532, -7.42134], [108.73954, -7.421476], [108.739555, -7.421612], [108.739571, -7.421748], [108.739578, -7.421892], [108.739586, -7.422028], [108.739601, -7.422173], [108.739624, -7.422308], [108.739639, -7.422453], [108.739655, -7.422588], [108.73967, -7.422733], [108.739693, -7.422869], [108.739716, -7.422996], [108.739746, -7.423122], [108.739777, -7.423249], [108.739815, -7.423376], [108.739838, -7.423493], [108.739876, -7.423611], [108.739922, -7.423711], [108.73999, -7.42382], [108.740067, -7.423928], [108.740135, -7.424037], [108.740219, -7.424146], [108.740295, -7.424264], [108.740379, -7.424373], [108.740463, -7.424491], [108.740532, -7.424609], [108.740616, -7.424726], [108.740692, -7.424836], [108.740776, -7.424953], [108.740845, -7.425089], [108.740891, -7.425225], [108.740944, -7.425352], [108.740997, -7.425488], [108.741043, -7.425624], [108.741096, -7.42576], [108.74115, -7.425895], [108.741203, -7.426031], [108.741257, -7.426167], [108.741302, -7.426294], [108.741348, -7.426421], [108.741394, -7.426538], [108.741455, -7.426656], [108.741524, -7.426756], [108.7416, -7.426856], [108.741669, -7.426956], [108.741753, -7.427055], [108.741821, -7.427164], [108.741905, -7.427246], [108.742004, -7.427328], [108.742111, -7.427401], [108.74221, -7.427483], [108.742317, -7.427565], [108.742432, -7.427656], [108.742538, -7.427737], [108.742645, -7.427819], [108.742752, -7.42791], [108.742859, -7.427992], [108.742981, -7.428083], [108.743088, -7.428174], [108.743202, -7.428256], [108.743309, -7.428347], [108.743431, -7.428438], [108.743538, -7.42852], [108.743645, -7.428611], [108.743752, -7.428693], [108.743858, -7.428774], [108.743973, -7.428856], [108.744057, -7.428938], [108.744156, -7.429011], [108.744247, -7.429084], [108.744347, -7.429148], [108.744431, -7.429211], [108.744522, -7.429275], [108.744598, -7.429339], [108.744682, -7.429402], [108.744766, -7.429457], [108.744835, -7.429512], [108.744965, -7.429603], [108.745033, -7.429657], [108.745125, -7.429721], [108.745209, -7.429776], [108.745262, -7.429821], [108.745354, -7.429885], [108.745438, -7.429949], [108.745537, -7.43003], [108.745636, -7.430103], [108.74575, -7.430176], [108.745857, -7.430258], [108.745972, -7.43034], [108.746094, -7.430431], [108.746223, -7.430531], [108.746376, -7.43064], [108.74646, -7.430695], [108.746544, -7.430758], [108.746628, -7.430822], [108.746719, -7.430895], [108.746803, -7.430959], [108.746895, -7.431032], [108.746971, -7.431095], [108.747063, -7.431168], [108.747147, -7.431232], [108.747238, -7.431304], [108.747314, -7.431368], [108.747406, -7.431441], [108.747498, -7.431514], [108.747589, -7.431587], [108.747665, -7.43165], [108.747757, -7.431723], [108.747841, -7.431787], [108.747932, -7.43185], [108.748009, -7.431923], [108.748093, -7.431987], [108.748161, -7.432042], [108.748245, -7.432105], [108.748322, -7.43216], [108.74839, -7.432223], [108.748459, -7.432278], [108.748543, -7.432342], [108.748619, -7.432405], [108.748695, -7.43246], [108.748772, -7.432524], [108.748848, -7.432587], [108.748932, -7.432651], [108.749016, -7.432714], [108.749084, -7.432769], [108.749222, -7.432869], [108.749329, -7.432951], [108.749428, -7.433024], [108.749535, -7.433097], [108.749664, -7.433188], [108.749809, -7.433288], [108.749886, -7.433343], [108.749962, -7.433397], [108.750038, -7.433452], [108.750122, -7.433506], [108.750206, -7.433561], [108.750275, -7.433616], [108.750359, -7.43368], [108.750435, -7.433743], [108.750511, -7.433807], [108.750595, -7.433871], [108.750671, -7.433934], [108.750755, -7.433998], [108.750832, -7.434071], [108.750916, -7.434144], [108.750999, -7.434207], [108.751068, -7.43428], [108.751144, -7.434343], [108.751213, -7.434407], [108.75135, -7.434525], [108.751472, -7.434634], [108.751602, -7.434743], [108.751747, -7.434862], [108.751816, -7.434916], [108.7519, -7.43498], [108.751984, -7.435035], [108.752052, -7.435107], [108.752121, -7.43518], [108.75219, -7.435262], [108.752296, -7.435308], [108.752396, -7.435335], [108.752487, -7.435371], [108.752579, -7.435399], [108.752678, -7.435427], [108.752769, -7.435463], [108.752869, -7.435491], [108.752968, -7.435528], [108.753075, -7.435555], [108.753181, -7.435592], [108.753296, -7.435629], [108.753395, -7.435666], [108.75351, -7.435702], [108.753609, -7.43573], [108.753708, -7.435767], [108.753815, -7.43583], [108.753906, -7.435903], [108.753998, -7.435967], [108.754082, -7.436039], [108.754181, -7.436103], [108.754295, -7.436167], [108.75441, -7.436222], [108.754524, -7.436286], [108.754646, -7.43635], [108.754768, -7.436414], [108.754898, -7.436478], [108.755028, -7.436551], [108.75515, -7.436633], [108.755257, -7.436723], [108.755356, -7.436823], [108.755463, -7.436924], [108.755577, -7.437014], [108.755699, -7.437087], [108.755821, -7.437142], [108.755936, -7.437197], [108.75605, -7.437252], [108.756172, -7.437306], [108.756294, -7.437361], [108.756416, -7.437416], [108.756538, -7.43748], [108.756668, -7.437535], [108.75679, -7.43759], [108.756905, -7.437644], [108.757011, -7.43769], [108.757111, -7.437727], [108.757324, -7.437737], [108.757439, -7.437747], [108.757553, -7.437757], [108.757668, -7.437757], [108.75779, -7.437785], [108.757904, -7.43783], [108.758026, -7.437876], [108.758148, -7.437922], [108.758278, -7.437968], [108.758415, -7.438014], [108.758545, -7.438069], [108.758682, -7.438115], [108.758827, -7.438169], [108.758965, -7.438225], [108.759102, -7.438271], [108.759216, -7.438316], [108.759308, -7.438389], [108.759392, -7.438471], [108.75946, -7.438543], [108.759544, -7.438625], [108.759621, -7.438716], [108.759697, -7.438825], [108.759773, -7.438925], [108.759857, -7.439034], [108.759941, -7.439134], [108.760017, -7.439242], [108.760094, -7.439333], [108.760155, -7.439415], [108.760208, -7.439497], [108.760217, -7.439507]]}}, {"type": "Feature", "properties": {"KML_FOLDER": "Jalan Provinsi_1", "gx:balloonVisibility": ""}, "geometry": {"type": "LineString", "coordinates": [[109.244627, -7.393771], [109.246705, -7.393435], [109.248294, -7.393584], [109.249845, -7.392659], [109.252948, -7.391646], [109.255758, -7.391325], [109.258408, -7.391149], [109.259753, -7.392044], [109.260659, -7.392334], [109.261974, -7.392217], [109.264285, -7.391197]]}}, {"type": "Feature", "properties": {"KML_FOLDER": "Jalan Provinsi_1", "gx:balloonVisibility": ""}, "geometry": {"type": "LineString", "coordinates": [[109.264285, -7.391197], [109.264557, -7.392154], [109.265735, -7.397592], [109.266165, -7.402139], [109.267861, -7.406221], [109.269905, -7.412944], [109.269971, -7.413251]]}}, {"type": "Feature", "properties": {"KML_FOLDER": "Jalan Provinsi_1", "gx:balloonVisibility": ""}, "geometry": {"type": "LineString", "coordinates": [[109.22879, -7.318426], [109.228752, -7.31856], [109.228508, -7.319415], [109.228477, -7.319633], [109.228432, -7.31986], [109.228409, -7.320354], [109.228416, -7.320988], [109.228424, -7.321186], [109.228447, -7.321383], [109.228523, -7.321838], [109.228577, -7.322166], [109.228584, -7.322412], [109.2286, -7.323378], [109.2286, -7.323544], [109.228645, -7.324152], [109.228668, -7.324675], [109.228714, -7.325147], [109.228752, -7.325614], [109.22876, -7.326295], [109.22879, -7.327835], [109.228798, -7.328469], [109.228806, -7.329434], [109.228813, -7.33075], [109.228775, -7.331189], [109.228737, -7.331577], [109.228722, -7.332964], [109.228767, -7.333249], [109.228806, -7.333406], [109.228867, -7.333519], [109.22892, -7.333639], [109.228973, -7.333729], [109.229057, -7.33381], [109.229439, -7.334152], [109.229599, -7.334297], [109.229736, -7.33448], [109.230568, -7.335853], [109.231651, -7.337705], [109.231941, -7.338202], [109.232025, -7.338368], [109.232048, -7.338522], [109.232079, -7.33962], [109.232101, -7.339921], [109.232193, -7.340261], [109.232323, -7.340781], [109.232643, -7.341655], [109.233116, -7.342707], [109.233391, -7.343287], [109.233932, -7.344367], [109.234383, -7.34531], [109.234718, -7.34602], [109.235245, -7.347256], [109.235649, -7.348224], [109.235947, -7.348978], [109.236092, -7.349394], [109.236298, -7.350232], [109.236458, -7.351014], [109.236588, -7.351792], [109.236671, -7.352445], [109.237228, -7.353893], [109.237671, -7.355087], [109.237823, -7.355522], [109.237915, -7.355837], [109.237961, -7.356169], [109.238029, -7.356671], [109.238068, -7.356959], [109.238106, -7.357527], [109.238144, -7.358065], [109.238197, -7.3587], [109.238281, -7.359747], [109.238373, -7.361343], [109.238426, -7.362226], [109.238441, -7.362461], [109.238457, -7.362641], [109.23848, -7.363228], [109.238525, -7.363711], [109.238617, -7.364967], [109.238724, -7.366365], [109.238831, -7.367796], [109.238899, -7.368606], [109.238991, -7.369413], [109.239052, -7.370076], [109.239105, -7.370603], [109.239334, -7.371547], [109.239471, -7.372053], [109.240211, -7.374862], [109.240982, -7.377611], [109.241241, -7.37875], [109.241447, -7.379573], [109.241829, -7.38137], [109.242264, -7.383498], [109.242508, -7.384666], [109.242737, -7.385787], [109.242905, -7.386693], [109.243034, -7.387187], [109.243402, -7.388634], [109.24449, -7.393038], [109.244627, -7.393771]]}}]}